"created_at","id_str","full_text","quote_count","reply_count","retweet_count","favorite_count","lang","user_id_str","conversation_id_str","username","tweet_url","image_url","location","followers_count"
"Sat Dec 02 17:13:04 +0000 2023","1730998529483837750","Janji Anies baswedan: KPK Akan Diisi Orang-orang Berintegritas https://t.co/s5LQzzJdQA","10","44","463","1455","in","55507370","1730998529483837750","tvOneNews","https://twitter.com/tvOneNews/status/1730998529483837750","","Pulo Gadung, Indonesia","9846232"
"Sat Dec 02 18:22:55 +0000 2023","1731016109175030068","Saya mmg diminta jadi jubir Anies &amp; Cak Imin. Tentu saja sy kerjakan. Tapi kita disekolahkan bukan utk jadi org kaya  bukan utk menjadi pejabat. Kita disekolahkan utk Menyuarakan kebenaran. Jgn batasi sy utk bungkam thd kasus MK &amp; KPU yg nyata2 menghinakan akal sehat kita semua.","20","350","1638","6342","in","1297510664148103168","1731016109175030068","GeiszChalifah","https://twitter.com/GeiszChalifah/status/1731016109175030068","","","229502"
"Sat Dec 02 14:50:13 +0000 2023","1730962581811339735","Sambutan Pak Anies Baswedan di Mukernas III MUI 2023   #AMINAjaDulu https://t.co/KGFAts0r3Z","0","4","182","534","in","1334853481019056128","1730962581811339735","Mdy_Asmara1701","https://twitter.com/Mdy_Asmara1701/status/1730962581811339735","https://pbs.twimg.com/ext_tw_video_thumb/1730962443046969344/pu/img/FFnvVDN6BCeNwibg.jpg","Jakarta Capital Region","206967"
"Sat Dec 02 23:04:37 +0000 2023","1731087002014199880","Kata "nabinya"  kata ganti "nya" di kata tersebut  jelas merujuk pada Nabinya Anies Baswedan. Nabi Anies Baswedan  Nabi Muhammad Shollallahu Alaihi Wasalam.  Segamblang itu mau dibela? Jelas-jelas Irene sudah melecehkan Nabi Muhammad dan itu dilike Dodo.  Apa yang dilecehkan?‚Ä¶ https://t.co/pQ3yFXjhvF","6","27","170","436","in","1344446501112565761","1731087002014199880","mihrabku","https://twitter.com/mihrabku/status/1731087002014199880","https://pbs.twimg.com/media/GAYNmeUbgAAJH5u.jpg","Indonesia","24615"
"Sat Dec 02 22:23:12 +0000 2023","1731076579227517033","debatin apa pun yang menang sudah pasti pak anies  bukan karena pak anies yang pintar tapi lebih ke dua capres lain yang kelewat goblok untuk berdebat","10","21","112","301","in","349747452","1731076579227517033","ponakannyaom","https://twitter.com/ponakannyaom/status/1731076579227517033","","Eorzea","31814"
"Sat Dec 02 19:19:34 +0000 2023","1731030363965915497","anies baswedan di mata tokoh ulama lombok https://t.co/aljFrUBTdw","2","0","8","16","tl","1722014606712094720","1731030363965915497","herculep638","https://twitter.com/herculep638/status/1731030363965915497","https://pbs.twimg.com/ext_tw_video_thumb/1731030216796188673/pu/img/VG1Ab_bXaHOcEJaJ.jpg","","2240"
"Sat Dec 02 14:19:16 +0000 2023","1730954789884920015","Setelah teman-teman menyimak video ini  gue berharap teman-teman generasi muda sudah bisa ambil keputusan yes   Pak Anies Baswedan dicecar berbagai pertanyaan di Conference on Indonesian Foreign Policy 2023   #AMINAjaDulu  #AniesMuhaimin2024 No 1  #SalamAd1lMakmur https://t.co/dSKPiTkGhw","19","26","545","981","in","1334853481019056128","1730954789884920015","Mdy_Asmara1701","https://twitter.com/Mdy_Asmara1701/status/1730954789884920015","https://pbs.twimg.com/ext_tw_video_thumb/1730953954341867520/pu/img/wiDHCxug-uo8MIk7.jpg","Jakarta Capital Region","206967"
"Sat Dec 02 15:44:32 +0000 2023","1730976248770466263","ini Tanggapan Anies tentang perubahan format Debat  dimana KPU tdk mengikutkan Cawapres utk Debat  cukup Capres saja yg debat https://t.co/qRsxvBapqA","0","0","2","5","in","1319838372","1730976248770466263","as_siglie","https://twitter.com/as_siglie/status/1730976248770466263","https://pbs.twimg.com/ext_tw_video_thumb/1730975986165129216/pu/img/1pgG6zGmqa-nJRyH.jpg","Indonesia","5022"
"Sat Dec 02 18:10:00 +0000 2023","1731012856567709858","Masyaa Allah... Wawasan  ke Ilmuan dan kecerdasan Anies Baswedan bukan kaleng-kalengan. https://t.co/V60rjdsga0","0","0","2","4","in","1319838372","1731012856567709858","as_siglie","https://twitter.com/as_siglie/status/1731012856567709858","https://pbs.twimg.com/ext_tw_video_thumb/1731011955446648832/pu/img/UqkQJT63_jVd5QV1.jpg","Indonesia","5022"
"Sat Dec 02 23:25:48 +0000 2023","1731092329019351109","Pak @aniesbaswedan berkunjung ke Nelayan Kronjo Tangerang  Banten  Anies Janji Perbaiki Tata Niaga Perikanan  #AMINAjaDulu  #AniesMuhaimin2024  #SalamAd1lMakmur https://t.co/7FFU2euM5c","6","11","209","533","in","1334853481019056128","1731092329019351109","Mdy_Asmara1701","https://twitter.com/Mdy_Asmara1701/status/1731092329019351109","https://pbs.twimg.com/ext_tw_video_thumb/1731092183649034240/pu/img/haxVCiDsxGUAtck-.jpg","Jakarta Capital Region","206967"
"Sat Dec 02 14:17:23 +0000 2023","1730954315467194372","TERJADI DI SUMBAR  !!!!  LUMBUNG SUARA ANIES   TIM PRABAWO beserta  direksi PLN bahkan MENTRI utk cari suara? Makin memuakkan nih...?  #AMINkanSUMBAR https://t.co/SkFhOIe0UB","9","31","60","92","in","1722218525522300928","1730954315467194372","PutraMelay6837","https://twitter.com/PutraMelay6837/status/1730954315467194372","https://pbs.twimg.com/ext_tw_video_thumb/1730953960608169984/pu/img/U-JU9AEno2T2dPID.jpg","Riau, Indonesia","733"
"Sat Dec 02 15:05:26 +0000 2023","1730966409323380829","TAKDIR ITU MILIK ALLAH TAPI DOA DAN USAHA ITU MILIK KITA! 2024 ANIES PRESIDEN!! #KrisyantoYenOni #AniesBaswedanOrangBaik #AniesMuhaimin2024 #AMINSatukanIndonesia #AMIN #ZEROBASEONE https://t.co/3wSUq28DRr","9","24","297","806","in","1283848995962417152","1730966409323380829","KrisyantoOni","https://twitter.com/KrisyantoOni/status/1730966409323380829","https://pbs.twimg.com/ext_tw_video_thumb/1730966367384535040/pu/img/T7UOruY2LOVOkF_Q.jpg","","13031"
"Sat Dec 02 15:14:20 +0000 2023","1730968648033153297","Menyimak pak Anies itu...mencerdaskan.. ‚úÖÔ∏èüëç  AMIN aja dulu‚òùÔ∏è1Ô∏è‚É£üáÆüá© https://t.co/cPH1b3H95z","1","3","38","62","in","1052339653","1730968648033153297","siregar_najeges","https://twitter.com/siregar_najeges/status/1730968648033153297","https://pbs.twimg.com/ext_tw_video_thumb/1730967930597466112/pu/img/TBTIVZp2-gEDUfjb.jpg","IndonesiaüáÆüá©","15594"
"Sat Dec 02 15:40:37 +0000 2023","1730975262064660771","RILEX DULU SEJENAK  YUUUKK...KITA DENGARKAN LAGU ANIES PRESIDENKU 2024 UNTUK INDONESIA KU https://t.co/876E6532tz","0","0","5","14","in","1667233216091279363","1730975262064660771","Andria75777","https://twitter.com/Andria75777/status/1730975262064660771","https://pbs.twimg.com/ext_tw_video_thumb/1730975043289808896/pu/img/oAZZK-L4ekB_z6_x.jpg","Jabodetabek, Indonesia","4092"
"Sat Dec 02 17:45:24 +0000 2023","1731006667998081205","yang seharusnya tidak perlu ada itu debat capres karena kita semua tau kalau capres debat itu yang menang sudah pasti anies","4","9","61","212","in","349747452","1731006667998081205","ponakannyaom","https://twitter.com/ponakannyaom/status/1731006667998081205","","Eorzea","31814"
"Sat Dec 02 22:22:16 +0000 2023","1731076343063028154","Di balik kehebatan seorang Anies Baswedan  ada wanita luar biasa yang menjadi kekuatan di balik layar.   Benar-benar couple goals ya. https://t.co/OQSWgld7YR","2","0","29","49","in","1641093904236969992","1731076343063028154","AbdulRachimmks","https://twitter.com/AbdulRachimmks/status/1731076343063028154","https://pbs.twimg.com/ext_tw_video_thumb/1731076285173227520/pu/img/eJQpVaPKHAEb8uLO.jpg","Kota Makassar, Sulawesi Selata","4732"
"Sat Dec 02 18:06:09 +0000 2023","1731011890091085920","Subhanallah Masya Allah PAK ANIES Benar2 Menggetarkan Menggoncang DUNIA Bro Ini Momen para DUTA BESAR Negara DUNIA  Rebutan Selfie dgn Pak ANIES di CIFP FORUMüëç Pak ANIES Pemimpin yg AMANAH JUJUR CERDAS &amp; SMARTüëç Bikin Indonesia DISEGANI DUNIA Bro PAK ANIES Jan JOS Tenan Broüëçüëç https://t.co/7NNRzQJRi7","1","5","29","49","in","1685182301800656896","1731011890091085920","Azri_Ardhani","https://twitter.com/Azri_Ardhani/status/1731011890091085920","https://pbs.twimg.com/ext_tw_video_thumb/1731011785778712576/pu/img/alP6Szo8YyFdLU5L.jpg","","543"
"Sat Dec 02 14:47:42 +0000 2023","1730961948505002118","Gak perlu kalian layani Twitt para pendukung GEMOY apa lg yg di twitt manusia2 penjilat demi uang..   Cukup post Visi misi Anies &amp; ulang  terus pengkhianatan yg dilakukan GEMOY pd Ulama sampai menjelang pemilu maka sepi mereka dlm postingan nya  Percayalah kalian mrk akan dibuang https://t.co/XQrgG67Vn1","2","3","23","43","in","1729312952573108224","1730961948505002118","Cut_NyakFadilah","https://twitter.com/Cut_NyakFadilah/status/1730961948505002118","https://pbs.twimg.com/ext_tw_video_thumb/1730961783400321024/pu/img/8zcL9B4S25oARDgZ.jpg","Deli Serdang, Sumatera Utara","2363"
"Sat Dec 02 21:44:53 +0000 2023","1731066933376872489","Dari rakyat waras untuk PERUBAHAN.. AMIN 1Ô∏è‚É£üáÆüá©‚òùÔ∏è  ...smoga Allah ridha pada Anies - Cak Imin..  Aamiin yaa rabb..ü§≤ https://t.co/n20QcJgtn4","2","6","53","96","in","1052339653","1731066933376872489","siregar_najeges","https://twitter.com/siregar_najeges/status/1731066933376872489","https://pbs.twimg.com/ext_tw_video_thumb/1731066877294882816/pu/img/z8ffyNYKRKeJzO8D.jpg","IndonesiaüáÆüá©","15594"
"Sat Dec 02 15:06:31 +0000 2023","1730966684184264716","Pesona Pak Anies bikin pendukung sebelah pingin poto bareng ü•∞üòç https://t.co/ZTJWVsAF78","0","1","11","28","in","1341306140286726144","1730966684184264716","TSolihien","https://twitter.com/TSolihien/status/1730966684184264716","https://pbs.twimg.com/ext_tw_video_thumb/1730966634616000512/pu/img/FpA_Bxf8gkW8gam0.jpg","","10804"
"Sat Dec 02 17:04:30 +0000 2023","1730996373582188841","Hasil polling: 1. Prabowo-Gibran 43%  2. Anies-Imin 39%  3. Golput 13%  4. Ganjar-Mahfud 5% Lama polling: 1 jam. Jumlah peserta: 16.358 akun","32","339","107","937","in","869327120","1730996373582188841","PartaiSocmed","https://twitter.com/PartaiSocmed/status/1730996373582188841","","Indonesia","550018"
"Sat Dec 02 13:58:43 +0000 2023","1730949618140328246","@fadlizon @prabowo @gibran_tweet Jika di Pimpin Anies Indonesia lebih maju dan Damai.. https://t.co/VFS11txZd4","1","4","10","112","in","1603739452211269632","1730942760478445853","RioHerman327","https://twitter.com/RioHerman327/status/1730949618140328246","https://pbs.twimg.com/media/GAWRgN1aMAAmCay.jpg","Negara Republik Indonesia","1255"
"Sat Dec 02 14:48:15 +0000 2023","1730962085105037557","Subhanallah Masya Allah 2 Des 2023 Emak2 Kampung Nelayan Kronjo Banten RELA Berdesak-desakan Sambil Gendong Anak Demi ingin Melihat Tatap Muka Langsung dgn PAK ANIES Broüëçüëç Alhamdulillah Barakallah BANTEN semua AMIN Broüëçüëç AMIN AMIN Ya Robbal Aalamiin üíôü§çüíöüëçüëçüëçüëçüíöü§çüíô https://t.co/4TWYANgdqu","1","1","12","24","in","1685182301800656896","1730962085105037557","Azri_Ardhani","https://twitter.com/Azri_Ardhani/status/1730962085105037557","https://pbs.twimg.com/ext_tw_video_thumb/1730962014007422976/pu/img/Hab8WbJslMI1VErk.jpg","","543"
"Sat Dec 02 23:07:38 +0000 2023","1731087757861413306","@ommi_siregar Mementingkan Rakyat Kecil sewaktu Beliau Anies Baswedan pimpin Jakarta ü•∞ü•∞  #AniesMuhaimin2024  #CoblosNomor1  . https://t.co/azudCVk33K","0","3","3","4","in","1675559847503314944","1731087062957490398","stacitarpeta18","https://twitter.com/stacitarpeta18/status/1731087757861413306","https://pbs.twimg.com/ext_tw_video_thumb/1731087728450871296/pu/img/2RJCRMMDkN8bch4s.jpg","","1109"
"Sat Dec 02 16:40:08 +0000 2023","1730990240628973875","Ini anak asik  selaw  tapi pinter.. Keren  anak muda ya begini!   Pilih No. 1  Anies Baswedan - Muhaimin Iskandar untuk Indonesi Yang Lebih Baik! https://t.co/5SnUVKQNyG","0","0","45","66","in","30766806","1730990240628973875","Reiza_Patters","https://twitter.com/Reiza_Patters/status/1730990240628973875","https://pbs.twimg.com/ext_tw_video_thumb/1730989930703470592/pu/img/w7z_UpkzGdmc7EVR.jpg","Tomage-Fakfak, Indonesia","58178"
"Sat Dec 02 21:38:46 +0000 2023","1731065393438179774","Anies menang pilpres 2024 jika KPU  tdk pakai quick count hitung cpt.  Pakai hitung manual saja.  KPU pusat cukup catat capres yg menang dari hitung manual di 38 Propinsi Indonesia. Jika pilpres 2024 pakai quick count? dugaan kecurangan terulang seperti pilpres 2019. Kilas balik. https://t.co/nrpjG1pmP1","2","0","31","33","in","1482600556669460485","1731065393438179774","ForRezim","https://twitter.com/ForRezim/status/1731065393438179774","https://pbs.twimg.com/media/GAX6iWUaQAEhLAq.jpg","Bumi Allah SWT","3236"
"Sat Dec 02 23:37:11 +0000 2023","1731095194043625796","Anies Putra Terbaik Bangsa Saat ini                                            2024 Pilih No.1 AMIN agar Indonesia kembali menjadi Negara Hukum BUKAN Negara Kekuasaan  agar ada Keadilan Hukum Kesetaraan Adil Makmur dan Sejahtera. #SpeakUpDemokrasi ‚úä  #AMINkanIndonesia https://t.co/3bJ8SVaabe","2","1","18","30","in","1603537926482145280","1731095194043625796","IwanIwanely72","https://twitter.com/IwanIwanely72/status/1731095194043625796","https://pbs.twimg.com/ext_tw_video_thumb/1731095086220668928/pu/img/fza6Wm_Ly8GVERAP.jpg","Kota Surabaya, Jawa Timur","3179"
"Sat Dec 02 19:54:14 +0000 2023","1731039087216488499","ANIES-MUHAIMIN YANG NGGAK NEKA NEKO! SIAP UNTUK PERUBAHAN! #AniesMuhaimin2024  #AniesMuhaimin2024","0","1","3","7","in","1654334520093708289","1731039087216488499","opposite_sejati","https://twitter.com/opposite_sejati/status/1731039087216488499","","Gowa, Makasar Indonesia","1977"
"Sat Dec 02 23:42:24 +0000 2023","1731096507884114358","Bahasa pak Anies lembut dan penuh makna plus mengena üòÄüòÄüëçüëç  capres terbaik untuk dipilih","0","2","2","17","in","1369533748417495049","1731096507884114358","taharudddin","https://twitter.com/taharudddin/status/1731096507884114358","","","3116"
"Sat Dec 02 19:20:26 +0000 2023","1731030582874784182","Padahal Anies naikin Retribusi (baca:Pajak) warga DKI  https://t.co/KLOQvuDDzr https://t.co/uowYl1BnLR","0","0","4","14","in","119691957","1731030582874784182","aewin86","https://twitter.com/aewin86/status/1731030582874784182","https://pbs.twimg.com/media/GAXbI2mbMAAUE0D.jpg","Jakarta Capital Region","39443"
"Sat Dec 02 22:48:54 +0000 2023","1731083045665710174","Ngaca deh.... Siapa yg bebalüòÇ  Klopun dpc gerindra jepara posting seperti itu trus dgn segala kebebalan digunakan pendukung si Anies utk menyimpulkan itu adalah materi kampanye paslon 2  Masih mau muter2 nyari kesalahan utk menutupi ketidakberadaban pendukung Anies tsb.‚Ä¶ https://t.co/sIALtpyt5u","3","41","8","22","in","1152447574411902977","1731083045665710174","are_inismyname","https://twitter.com/are_inismyname/status/1731083045665710174","https://pbs.twimg.com/media/GAYK2fcawAASjTH.jpg","","2677"
"Sat Dec 02 16:52:05 +0000 2023","1730993247177359562","Ditanya soal Pembangunan IKN  Anies: Tanya Dubes di Sini  Ada Rencana Pindahkan Embassy Apa Nggak? https://t.co/jrlUwulVgm #TempoNasional","5","22","6","53","in","18129942","1730993247177359562","tempodotco","https://twitter.com/tempodotco/status/1730993247177359562","","Indonesia","2215006"
"Sat Dec 02 22:42:03 +0000 2023","1731081322515628273","Udahlah Main SARA..  Sekarang main fitnah..   Kalian sendiri yg gabisa klarifikasi dan usut darimana gambar AI pelangi Prabowo.. Eh malah sekarang fitnah Anies macem-macem..   Jadi ini yang dimaksud dengan politik riang gembira ala pendukung Prabowo? Sebar fitnah sana sini? https://t.co/tePBs3xadi","2","2","8","13","in","1716116207424966656","1730948920975741232","fmuchtaar","https://twitter.com/fmuchtaar/status/1731081322515628273","https://pbs.twimg.com/media/GAYJRxda4AAY2hY.jpg","","875"
"Sat Dec 02 16:13:20 +0000 2023","1730983497236718022","Di artikelnya  saya hanya menemukan   pernyataan Mendikbud Anies Baswedan bahwa selama ini TIDAK ADA  TEMUAN propaganda LGBT di ranah sekolah  BUKAN pernyataan TIDAK ADA Propaganda LGBT. Yg CERDAS pasti paham bedanya dua pernyataan tersebut... https://t.co/J2MFa8iZlM","0","0","1","6","in","757532891353980928","1730983497236718022","siengkong27","https://twitter.com/siengkong27/status/1730983497236718022","https://pbs.twimg.com/media/GAWwUIIacAAFQJQ.jpg","Yogyakarta, Indonesia","918"
"Sat Dec 02 13:12:57 +0000 2023","1730938100262875365","@ekowboy2 Anies said: masa lalu adalah pediktor terbaik untuk membaca masa depan.","0","3","6","55","in","1663431272272916480","1730937082464604254","kucluk_tenan","https://twitter.com/kucluk_tenan/status/1730938100262875365","","","151"
"Sat Dec 02 20:14:03 +0000 2023","1731044073610633468","Jubir AMIN: Prabowo Contek Program Makan Anak Sekolah Anies  Tak Paham Caranya https://t.co/Z6Lk5DBByH","1","4","38","88","in","887743587579944960","1731044073610633468","OposisiCerdas","https://twitter.com/OposisiCerdas/status/1731044073610633468","","","253349"
"Sat Dec 02 14:25:40 +0000 2023","1730956402070622659","Kelihatan keakraban yang tulus dari para Dubes  sifat humble pak Anies memang genuin  dan itu adalah TABIAT  TAK MENYESAL MEMILIH BELIAU","0","0","11","24","in","1604460866929188868","1730956402070622659","RindangNurman2","https://twitter.com/RindangNurman2/status/1730956402070622659","","Siak Hulu, Indonesia","73"
"Sat Dec 02 16:06:44 +0000 2023","1730981837458334030","Survei IPO Cukup Realistis Dibanding Survei Yg Lain    Walaupun Keyakinan Kami Jika Anies Muhaimin Angka Surveinya Lebih Dari Itu &amp; Kami Yakin Anies Muhaimin Akan Unggul Di Putaran 1 Serta Akan Menang Di Putaran 2.  #AniesMuhaimin2024 https://t.co/LFJHMDaxzy","0","1","1","4","in","1580531078280146944","1730981837458334030","msw_andi","https://twitter.com/msw_andi/status/1730981837458334030","https://pbs.twimg.com/media/GAWuzg3boAExbRf.jpg","Jawa Tengah, Indonesia","1274"
"Sat Dec 02 14:13:38 +0000 2023","1730953374022148419","Anies memang bukan kaleng-kaleng. Selalu memukau  menginspirasi  menambah wawasan.","0","0","7","8","in","508341339","1730953374022148419","sasbudiarjo","https://twitter.com/sasbudiarjo/status/1730953374022148419","","Denpasar, Bali","7024"
"Sat Dec 02 15:03:23 +0000 2023","1730965895068176520","Bagaimana mengetahui batasan isi kepala Pak Anies  dg terus memberi pertanyaan2 berbobot ke beliau ... dan sampai skrg  dlm kontestasi pilpres ini  selalu ada saja hal baru yg dimunculkan.  Masak sih kita gak ingin punya Presiden selengkap ini?","0","0","6","14","in","2403574648","1730965895068176520","asfan_warah","https://twitter.com/asfan_warah/status/1730965895068176520","","","2722"
"Sat Dec 02 22:14:48 +0000 2023","1731074464555938103","buzzer 02 mulai beraksi dengan hastag #MulutManisAnis  padahal anies memang manis. perihal dana PEN? di daerah kami dana PEN banyak bermasalah  dari pembuatan jalan yg gak selesai  pembangunan dive center yg gak beroperasi dan macam2. di jakarta jadi JIS yg megah  mantaplah https://t.co/bBh2fATdw9","3","7","8","59","in","165030947","1731074464555938103","ibhonez","https://twitter.com/ibhonez/status/1731074464555938103","https://pbs.twimg.com/ext_tw_video_thumb/1731074388500656128/pu/img/hFQbpr3uUdw1zrgO.jpg","antah berantah","139"
"Sat Dec 02 17:43:15 +0000 2023","1731006123350893043","@andre_rosiade URANG MINANG TAPASO MAMILIAH PRABOWO 2019 DEK DAK ADO PILIHAN CALON LAIN LAI...  KINI 2024 URANG MINANG PILIAH ANIES.. (AMIN MAIN NYO KINI)  PAI LAH ANGKU KA PASA PASA KA BALAI BALAI CARITO URANG AMIN SE KINI NYO..  URANG MINANG PANTANG BANA KA KANAI OTA 2 X..","1","7","14","115","in","1603651337396555777","1730928068553036257","BeYumoi","https://twitter.com/BeYumoi/status/1731006123350893043","","–°–æ–ª–æ–≤–µ—Ü–∫–∏–π —Ä–∞–π–æ–Ω, –ê—Ä—Ö–∞–Ω–≥–µ–ª—å—Å–∫–∞","1342"
"Sat Dec 02 16:29:47 +0000 2023","1730987636893098011","Akal bulus si Zul.... dan orang2 terdekatnya akar rumput g akan dukung selain Anies Baswedan... Si Zul cari aman buat dirinya sendiri... wkwkwk","0","0","2","3","in","1429324599611727873","1730987636893098011","Tyan805","https://twitter.com/Tyan805/status/1730987636893098011","","","92"
"Sat Dec 02 15:38:10 +0000 2023","1730974649268535437","Harus diakui Pak Anies Baswedan memang Mantap dan luar biasa üëå Tanpa gebrak meja tanpa nada tinggi semua macam pertanyaan dijawab dengan cool üëå Pak Anies emang terlalu cerdas hanya sekedar menjawab pertanyaan.. #AMINAjaDulu #AminPalingSiapUntukIndonesia https://t.co/2Fzfs3pEdE","0","0","3","3","in","1199772596","1730974649268535437","sumadiseloguno","https://twitter.com/sumadiseloguno/status/1730974649268535437","https://pbs.twimg.com/ext_tw_video_thumb/1730974510516748288/pu/img/YmGn1B-YICYTYi1l.jpg","Jawa Barat, Indonesia","3486"
"Sat Dec 02 16:21:22 +0000 2023","1730985517498692047","Dari Teman Kuliah  Tempat KKN   Tetangga  Teman Organisasi    Semua Berrestimoni Jika Anies Baswedan Sosok Yg Sederhana   Cerdas   Bijak &amp; Berakhlak Mulia.  #AniesMuhaimin2024  https://t.co/cCKkJ7qrmM","0","0","2","6","in","1599106294870593536","1730985517498692047","Moh_swd","https://twitter.com/Moh_swd/status/1730985517498692047","","Jawa Tengah, Indonesia","1173"
"Sat Dec 02 16:09:06 +0000 2023","1730982431484989637","Anies Anggap IKN Tak Bermanfaat untuk Rakyat  tapi Aparat Negara https://t.co/wmpLj2wqRE","0","2","31","45","in","887743587579944960","1730982431484989637","OposisiCerdas","https://twitter.com/OposisiCerdas/status/1730982431484989637","","","253349"
"Sat Dec 02 22:09:36 +0000 2023","1731073155106799706","Wahai kaum milenial  Anies itu sudah membuktikan diri sebagai manajer yang piawai  integrator yang handal  kolaborator diantara kekuatan ekonomi dan hari ini Anies sekali lagi menunjukkan jawaban cerdas  berani dan visioner didepan kalangan pemuda pemudi. Ayolah untuk Indonesia.","0","1","12","23","in","1087876332","1731073155106799706","karay_yasin","https://twitter.com/karay_yasin/status/1731073155106799706","","Bekasi Barat, Indonesia","982"
"Sat Dec 02 16:09:38 +0000 2023","1730982564226277717","@Ndons_Back @Uam41 Ada artikel lain gk om Ndon yg menulis Anies menyatakan tdk ada propaganda LGBT? Soalnya saya bolak balik baca ini  tulisannya hanya pernyataan Anies kalau TIDAK ADA TEMUAN propaganda LGBT di ranah sekolah. BUKAN TIDAK ADA kampanye LGBT. Tdk ada temuan kan bkn menyatakan gk ada? https://t.co/eiyn6qH92h","0","2","1","4","in","757532891353980928","1730906772481929659","siengkong27","https://twitter.com/siengkong27/status/1730982564226277717","https://pbs.twimg.com/media/GAWvd8absAAzK5o.jpg","Yogyakarta, Indonesia","918"
"Sat Dec 02 21:43:25 +0000 2023","1731066565217681765","@Fahrihamzah Itu bukan pdato pak Haji  tapi baca Promter dengan teks bahasa Inggris. Kalau Anak pak Anies tak perlu baca.","1","22","47","387","in","2905814730","1730991571238261049","abu_waras","https://twitter.com/abu_waras/status/1731066565217681765","","Bima Sakti, Bumi, Indonesia","235960"
"Sat Dec 02 15:24:06 +0000 2023","1730971106297929999","Hla baru sekarang milih Anies..?  Kami sudah milih Mas Anies semenjak pilkada DKI üôè","0","0","0","2","in","3222103262","1730971106297929999","teguhsd","https://twitter.com/teguhsd/status/1730971106297929999","","Bantul Jogjakarta","2869"
"Sat Dec 02 14:07:45 +0000 2023","1730951893915173150","@irenejuni_ @Just_dhee1203 @bengkeldodo @Abahpurwa1 @dapitnih @ferizandra @ekowboy2 @ekokuntadhi1 @AiraNtieReal @are_inismyname @drReUtari08 @choymarkochoy @Ndons_Back Nabinya pak anies jelas Nabi Muhammad trus kamu mau menistakan Nabi?gini amat pendukung wowo","0","1","4","13","in","793418306598281217","1730907590803247133","QshareinaIfada","https://twitter.com/QshareinaIfada/status/1730951893915173150","","Kota Mataram, Nusa Tenggara Ba","867"
"Sat Dec 02 16:49:05 +0000 2023","1730992495524454821","Anies menyebut hukuman mati tidak bisa serta merta diberikan kepada koruptor. #newsupdate #update #news #text https://t.co/sEIn2qrrRK","0","6","1","24","in","759692754985242625","1730992495524454821","kumparan","https://twitter.com/kumparan/status/1730992495524454821","","","1061266"
"Sat Dec 02 13:33:41 +0000 2023","1730943320334201144","Kampanye tatap muka calon Presiden Anies Baswedan perdana di hadiri oleh ketua DPW yang juga ketua pemenangan AMIN provinsi Banten H. Gembong hari ini Ahad (02/12) di GOR Gondrong kota Tangerang.   #aniesbaswedan #AniesMuhaimin2024 #PKSmenangAMINpresiden #PKS #PKSpembelaRakyat https://t.co/T0xI4O0ifO","0","0","0","4","in","226082238","1730943320334201144","PKStangerang","https://twitter.com/PKStangerang/status/1730943320334201144","https://pbs.twimg.com/media/GAWLw04b0AAvPsn.jpg","Kota Tangerang","12134"
"Sat Dec 02 20:41:21 +0000 2023","1731050944056705228","Mengapa Anies Ingin Makan Malam Bareng Nabi Muhammad  Nelson Mandela dan Gandhi ? https://t.co/s6QgC0GbYw","0","1","4","27","in","30201110","1731050944056705228","alisyarief","https://twitter.com/alisyarief/status/1731050944056705228","","-6.252543,106.806343","103298"
"Sat Dec 02 15:31:25 +0000 2023","1730972948922761615","Cukup salut dgn pendukung2 Anies di Pilpres kali ini. Banyak belajar dari 2017. Sedini mungkin dicounter cara2 lawas ini  agar demonizing-nya nggak makin menjadi seperti 2017.  Bukan pekerjaan mudah harus counter satu persatu narasi beginian. Yok  semangat semuanya! üôåüèºüôåüèº","0","0","2","6","in","1704391439835340800","1730972948922761615","ruthnats","https://twitter.com/ruthnats/status/1730972948922761615","","Indonesia","1089"
"Sat Dec 02 15:04:30 +0000 2023","1730966176346570964","@irenejuni_ @AgusSantaiAja @DokterRasuna Tidak demikian cara kita sbg  sesama warga neg NKRI  mbak @irenejuni_. Diruang publik ini tidak ada yg boleh persekusi apa lagi membunuhüôè  Tinggal jelasin siapa Nama Nabi yg anda maksud. Kalo Nabinya Srikandi Sunda dan pak Anies  Nabi Muhammad SAW. Jelasin baik2 aja gasah esmosi","2","3","4","5","in","1265262339537858560","1730951957655752861","SetopKorupsi","https://twitter.com/SetopKorupsi/status/1730966176346570964","","Lagi disini","4824"
"Sat Dec 02 16:24:35 +0000 2023","1730986328022720720","Berita lama Udah dibilang kalo kurikulum seksualitas itu penting dibahas. Coba kalo 2017 gak jadi cagub apa gak gol itu barang. üòÇ Dikira semua lupa apa ya  Ini Respons Menteri Anies Soal Usulan Kurikulum Seksualitas di Sekolah https://t.co/zwBpdR76Be  Kaum LGBT Kerap‚Ä¶","4","18","15","38","in","1289954556411969537","1730986328022720720","Ndons_Back","https://twitter.com/Ndons_Back/status/1730986328022720720","","","48000"
"Sat Dec 02 20:38:48 +0000 2023","1731050302491816308","@dapitnih Saya tetapkan hati tuk pilih Amin dan PKS. Ada Anies dan Muhaimin dua Politisi tahan uji.  Belum banyak kenal kader PKS  tapi banyak jejak kebijakan PKS di Parlemen konsisten logis dan bela rakyat.","0","2","2","6","in","1017066291218116609","1730878134025880050","perangutan23","https://twitter.com/perangutan23/status/1731050302491816308","","Indonesia","2574"
"Sat Dec 02 23:33:07 +0000 2023","1731094171484881282","Anies Janji Bakal Permudah Regulasi-Perbaiki Tata Niaga Perikanan Nelayan https://t.co/09s02Nxf9g","2","4","14","34","in","41730943","1731094171484881282","VIVAcoid","https://twitter.com/VIVAcoid/status/1731094171484881282","","","4741350"
"Sat Dec 02 22:28:35 +0000 2023","1731077930959442370","@dapitnih Adalagi akun yg terlihat pro banget ke anies atau PKS tapi isi akunnya mau nunjukin 'gini nih tipikal pendukung anies/PKS'pdhl gibran banget..","0","3","3","10","in","1924427556","1730924829417603260","siivanf","https://twitter.com/siivanf/status/1731077930959442370","","Korea Utara","261"
"Sat Dec 02 14:35:15 +0000 2023","1730958812696420796","Pendukung 02 ini harus di-up.   Udah keterlaluan. Hina Anies  hina gue gak apa. Jangan elu senggol nabi gue. Urusannya jadi lain.","0","0","1","5","in","1965334135","1730958812696420796","yadhijashar","https://twitter.com/yadhijashar/status/1730958812696420796","","Baturaja, OKU, Indonesia","8547"
"Sat Dec 02 16:14:44 +0000 2023","1730983849621176491","@hariqosatria Justeru elu yang sudah fitnah pendukung Anies.   O iya  saya paham. Gak penting kebenaran  walau sejuta fakta dibeberkan.   Semburkan terus kedustaan  sampai orang memahami sebuah kedustaan sebagai kebenaran.  Licik.","0","2","4","36","in","1965334135","1730941956711407662","yadhijashar","https://twitter.com/yadhijashar/status/1730983849621176491","","Baturaja, OKU, Indonesia","8547"
"Sat Dec 02 16:52:24 +0000 2023","1730993328534298833","Anies Sesalkan KPU Putuskan Sepihak Peniadaan Debat Khusus Cawapres https://t.co/IsQ72karzj","0","1","29","32","in","887743587579944960","1730993328534298833","OposisiCerdas","https://twitter.com/OposisiCerdas/status/1730993328534298833","","","253349"
"Sat Dec 02 14:18:03 +0000 2023","1730954486477394187","@Resty_J_Cayah @Gerindra Mati kutu si memed  pendukung Anies yg asli tidak punya tabiat kotor  karena sesunggunya pimpinan adalah cerminan dari pendukungnya  pendukungnya baik lahirlah pemimpin baik  pendukungnya suka korup lahirlah pemimpin yg sama  diantara ketiga capres Anies  yg paling baik akhlaknya","0","0","2","28","in","1604460866929188868","1730909926720151739","RindangNurman2","https://twitter.com/RindangNurman2/status/1730954486477394187","","Siak Hulu, Indonesia","73"
"Sat Dec 02 21:54:36 +0000 2023","1731069381701157100","Cerdas  bisa dgn cepat menangkap segala pertanyaan dgn jawaban yg tidak terlalu lama dijawab langsung secara to do point' tdk bertele2   apa yg bisa kita lihat dr orang ini ? Bisa memecahkan segala urusan yg jadi permasalahan negara ini. Semoga pak anies jadi pemimpin negeri ini.","0","0","0","6","in","1334205045978456064","1731069381701157100","Syaiful14742","https://twitter.com/Syaiful14742/status/1731069381701157100","","","1630"
"Sat Dec 02 14:37:19 +0000 2023","1730959331942887762","@dapitnih Menurut pendukung 02 cuman pendukung Anies yg bahasanya kasar Padahal samimawon juga","1","1","2","5","in","1432328670648037378","1730957889530110349","Safa_Andriana","https://twitter.com/Safa_Andriana/status/1730959331942887762","","","13297"
"Sat Dec 02 17:04:18 +0000 2023","1730996322583658951","@aqfiazfan Curiga pak anies pakai mrt","0","4","1","43","in","1032104761879740416","1730886054570582016","frdlh___","https://twitter.com/frdlh___/status/1730996322583658951","","DKI Jakarta, Indonesia","857"
"Sat Dec 02 22:33:51 +0000 2023","1731079256544014499","Anies bertugas menaikan elektabilitas.   Cak Imin bertugas menurunkan  elektabilitas.   üòÇüòÇüòÇ https://t.co/NNquEM13a8","0","3","1","3","in","754047303787229184","1731079256544014499","ganafmargi","https://twitter.com/ganafmargi/status/1731079256544014499","","kampong dokoh","1383"
"Sat Dec 02 13:53:09 +0000 2023","1730948220493378031","@sobat_anies Setuju banget  tidak perlu merendahkan kandidat lain. Kita maju dengan adu gagasan.","0","0","0","8","in","1603665522972708864","1730933238175244425","Godam062","https://twitter.com/Godam062/status/1730948220493378031","","","162"
"Sat Dec 02 15:26:46 +0000 2023","1730971780372918742","@RomitsuT semoga lah pak Anies bisa mimpin negeri ini  kapan lg punya pemimpin yang kapasitasnya tokcer begini ","0","2","5","11","in","3080179046","1730970799178436651","MzRoel","https://twitter.com/MzRoel/status/1730971780372918742","","TKP","585"
"Sat Dec 02 14:02:11 +0000 2023","1730950492245885300","@irenejuni_ @bengkeldodo @Abahpurwa1 @dapitnih @ferizandra @ekowboy2 @ekokuntadhi1 @AiraNtieReal @are_inismyname @drReUtari08 @choymarkochoy @Ndons_Back Sekarang dijelaskan saja maksud nya "nabinya" itu siapa...  Diperjelas agar tidak melebar kemana-mana ya  Sy pendukung 01  mau orang hina Anies silahkan... Tapi kalo arah nya hina agama &amp; Rasulullah beda ya...  Sy jg bukan orang bener &amp; alim. Biasa sj","0","2","1","2","in","1330003305355907073","1730907590803247133","aqua_gak","https://twitter.com/aqua_gak/status/1730950492245885300","","","1254"
"Sat Dec 02 17:02:07 +0000 2023","1730995773905764537","Anies Baswedan: KPK akan diisi orang-orang berintegritas https://t.co/sjElAaqEdR","0","0","0","5","in","18071520","1730995773905764537","antaranews","https://twitter.com/antaranews/status/1730995773905764537","","NKRI","1292709"
"Sat Dec 02 21:10:49 +0000 2023","1731058363017072855","Anies bisa gak?  Kalo 1 calon yg lain sih dah jelas gak bakal berani... gw yakin pun anies gak bakal berani juga...","0","0","0","2","in","42578020","1731058363017072855","roses_man","https://twitter.com/roses_man/status/1731058363017072855","","Bumi Bulat","2628"
"Sat Dec 02 14:38:36 +0000 2023","1730959655030141363","Anies menyatakan  bakal memperjuangkan aspirasi para nelayan bila kelak terpilih menjadi presiden. https://t.co/DBgXZqw8ti","0","1","1","9","in","23343960","1730959655030141363","kompascom","https://twitter.com/kompascom/status/1730959655030141363","","Jakarta","8580222"
"Sat Dec 02 14:20:37 +0000 2023","1730955133075476787","@ekowboy2 biarlah itu hak dia  jgn sekelas memed  wong sekelas ketua partai besar bahkan mantan presiden 2 periode saja takluk  kita fokus angkat kelebihan2 anies  jgn menambah musuh","0","2","4","44","in","912527605370298368","1730937082464604254","Panembahan_alit","https://twitter.com/Panembahan_alit/status/1730955133075476787","","Wonogiri, Jawa Tengah, Indones","342"
"Sat Dec 02 22:18:57 +0000 2023","1731075505519259960","@rmol_id Kami di pandeglang dan rakyat banten seluruhnya siap menangkan Anies Rasyid Baswedan.....","0","3","0","15","in","1673028402360774657","1730951328791429314","SaranaBersama","https://twitter.com/SaranaBersama/status/1731075505519259960","","Pandeglang, Indonesia","14"
"Sat Dec 02 14:51:20 +0000 2023","1730962862062084473","@QshareinaIfada @irenejuni_ @Just_dhee1203 @bengkeldodo @Abahpurwa1 @dapitnih @ferizandra @ekowboy2 @ekokuntadhi1 @AiraNtieReal @are_inismyname @drReUtari08 @choymarkochoy @Ndons_Back Ini .. apa apaan bawa bawa Nabi @irenejuni_  maksudnya apa.. menyamakan Anies dengan Nabi.. elu mau menghina anies silahkan tapi jangan elu menyamakan anies dengan Nabi.. ü§¨","0","0","2","4","in","78392421","1730907590803247133","GibraltarNc","https://twitter.com/GibraltarNc/status/1730962862062084473","","Charlotte, NC","23519"
"Sat Dec 02 22:33:19 +0000 2023","1731079121562943516","Kenapa tidak kau urus saja kampanye Anies-Imin? Apakah janji janjinya rasional? Apakah janji janjinya itu mampu diwujudkan dengan penghasilan negara selain utang?   Harusnya kamu kritisi apa apa yang murah dan gratis itu jika tidak rasional dengan sumber dananya.","0","1","0","6","in","1603576856573509633","1731079121562943516","Kimberley_2024","https://twitter.com/Kimberley_2024/status/1731079121562943516","","","3958"
"Sat Dec 02 16:05:40 +0000 2023","1730981566351110244","@PartaiSocmed 2014 pa Jokowi 2019 Pa Jokowi 2024 Pa Anies   Mau poligami Capres Tum üôè","0","2","0","35","in","126060514","1730980154951012863","achmad_taher","https://twitter.com/achmad_taher/status/1730981566351110244","","Jakarta","1508"
"Sat Dec 02 16:06:36 +0000 2023","1730981800783286301","@fmuchtaar iya bang  padahal masih menanti lg komen kontra tentang gagasan anies  yg ada kontra terhadap kritikan anies tentang pemerintahan saat ini ky IKN dan Food Estate.  padahal kan anies banyak banget ngomong kesana kesini menjelaskan gagasannya  pada setuju atau emang ga mampu‚Ä¶","0","1","2","4","in","241047640","1730979371480125729","saptahari","https://twitter.com/saptahari/status/1730981800783286301","","South Jakarta, Indonesia","647"
"Sat Dec 02 13:45:06 +0000 2023","1730946193369514005","Anies Baswedan janji perbaiki tata niaga perikanan https://t.co/xdBmRsUi7i","0","1","0","5","in","18071520","1730946193369514005","antaranews","https://twitter.com/antaranews/status/1730946193369514005","","NKRI","1292709"
"Sat Dec 02 16:11:05 +0000 2023","1730982929457877498","@Naz_lira terimakasih mas an√¨es  atas bocoran jawabannya....pantas anda no. 1  agar stiap ada forum  mas anies dulu y libas  kami nyusul","0","0","0","9","in","1075401814646743040","1730978771459784835","olink1978","https://twitter.com/olink1978/status/1730982929457877498","","","416"
"Sat Dec 02 17:21:03 +0000 2023","1731000536621805714","Kejanggalan Food Estate  Jubir Anies: Mau Petani Punya Lahan Sendiri  Tapi Dikuasai Parpol dan Kroni   https://t.co/WGOnBFYVGq via @tribunnews","1","0","1","7","in","30766806","1731000536621805714","Reiza_Patters","https://twitter.com/Reiza_Patters/status/1731000536621805714","","Tomage-Fakfak, Indonesia","58178"
"Sat Dec 02 16:22:55 +0000 2023","1730985908160348386","@Hudakeyy @aniesbaswedan Asli kaget Pas pak anies bilang ingin makan bersama Nabi Muhammad saw Dan ingin berkunjung ke Palestine masha Allah","0","1","0","25","in","1179169861596876800","1730834955234656369","Ryan_wkaq","https://twitter.com/Ryan_wkaq/status/1730985908160348386","","south sumatra","209"
"Sat Dec 02 19:33:11 +0000 2023","1731033792968815028","284 Peserta Ikuti Turnamen Tenis Meja AMIN Cup  Piala dari Anies Baswedan.  ‚ÄúKita menunjukkan sosialisasi yang dilakukan relawan AMIN ini dengan cara bahagia dan menyehatkan. Politik itu tidak selalu harus tegang dan serius‚Äù #AminPalingSiapUntukIndonesia https://t.co/nohZTO7qss","0","0","1","3","in","1460142601449840652","1731033792968815028","Simanjunta9Nico","https://twitter.com/Simanjunta9Nico/status/1731033792968815028","","","1038"
"Sat Dec 02 14:07:30 +0000 2023","1730951831331750141","Anies berharap agar format debat calon presiden dan wakil presiden dibuat sama dengan pemilu sebelumnya. #Polhuk #AdadiKompas   https://t.co/T4hRCJNnDk","0","0","1","2","in","255866913","1730951831331750141","hariankompas","https://twitter.com/hariankompas/status/1730951831331750141","","Palmerah, Jakarta","1048278"
"Sat Dec 02 21:11:05 +0000 2023","1731058426875363683","Kunjungi Kampung Nelayan di Banten  Anies Janji Perbaiki Tata Niaga Perikanan https://t.co/leRqNvZbrg","0","1","2","9","in","71436318","1731058426875363683","KompasTV","https://twitter.com/KompasTV/status/1731058426875363683","","Indonesia","5263188"
"Sat Dec 02 15:29:42 +0000 2023","1730972516544577609","@Resty_J_Cayah Angku ..apa krn pak Anies sering ajarin untuk baca sholawat Asyghil yah berasa bener2 terjadi   Serem  tp seneng bener2 di tunjukkan perubahan itu (ngetik dan merinding banget) üòå","0","3","6","71","in","230652338","1730969865266331746","AnnaYellowHeart","https://twitter.com/AnnaYellowHeart/status/1730972516544577609","","AtPeace‚òùÔ∏èüíõ","12023"
"Sat Dec 02 14:54:14 +0000 2023","1730963590147129373","@fmuchtaar @strike_bravo_b di Jakarta dulu juga gitu  emang gerombolan dia yg suka mainin SARA. entar pas dimanfaatin Anies  malah playing victim lagi","0","0","1","11","in","1333124438267629568","1730948920975741232","terbahagiakan","https://twitter.com/terbahagiakan/status/1730963590147129373","","","882"
"Sat Dec 02 18:14:22 +0000 2023","1731013958277169157","@ekabayou Saya tak mau berposisi  hanya fokus memenangkan Anies. Lalu menafikan semua kejanggalan (Kebangsatan) yg dilakukan.  Kita diskolahkan bukan utk jadi orang kaya  bukan utk berkuasa. Kita disekolahkan utk menyuarakan kebenaran.","0","0","6","109","in","1297510664148103168","1730928886043824358","GeiszChalifah","https://twitter.com/GeiszChalifah/status/1731013958277169157","","","229526"
"Sat Dec 02 16:09:12 +0000 2023","1730982458441740418","@Arti_SebuahRasa Pada bego yang percaya kayak gini   JIS itu udah ada anggaran bego. Masalah covid? Sedangkan gaji PNS dijakarta aja dialirkan ke covid. Kalian bilang pak Anies ga prihatin covid. Goblokkk","0","1","1","31","in","1015609964541276160","1730965507896172785","AdityaF55883324","https://twitter.com/AdityaF55883324/status/1730982458441740418","","Bonjol, Indonesia","22"
"Sat Dec 02 23:24:01 +0000 2023","1731091881671762291","@fmuchtaar Kemarin Anies diframing radikal  sekarang diframing pro LGBT  besok2 diframing JIL  Syiah  antek Amerika  agen CIA. 02 ini calonnya minim gagasan  pendukungnya tukang framing  playing victim. Payah","0","0","3","4","in","1685141914780340224","1730979371480125729","daws75951","https://twitter.com/daws75951/status/1731091881671762291","","","9"
