"Fri Dec 08 21:59:28 +0000 2023","1733244933031764306","Bego sekali anda ini bran @gibran_tweet","48","537","778","2298","in","1682627008017350657","1733244933031764306","Resty_J_Cayah","https://twitter.com/Resty_J_Cayah/status/1733244933031764306","","","19343"
"Fri Dec 08 20:50:23 +0000 2023","1733227544743428333","Emosi  Tak Terima Dituduh "Gibran Takut Debat" Yadi Surya Diputra (Jubir TKN Prabowo Gibran) Nyatakan "Gibran Siap Debat !!" üòÇüòÇüòÇüòÇüòÇüòÇ . https://t.co/xmRdYhSNcy .. https://t.co/JRfC4a6HnI","50","256","585","557","in","1603638553820684289","1733227544743428333","cobeh2022","https://twitter.com/cobeh2022/status/1733227544743428333","https://pbs.twimg.com/ext_tw_video_thumb/1733227509989384192/pu/img/emHku5yHzLVj7Sde.jpg","","18397"
"Fri Dec 08 22:44:02 +0000 2023","1733256147115946179","Ngomong hilirisasi digital. Bisnis startup mu pada  bangkrut.  Bran @gibran_tweet https://t.co/gBzAZQPPER","24","433","522","1609","in","1502822366946402304","1733256147115946179","DokterTifa","https://twitter.com/DokterTifa/status/1733256147115946179","https://pbs.twimg.com/media/GA3DR8zaAAAnzse.jpg","","116848"
"Fri Dec 08 20:01:36 +0000 2023","1733215269269688690","Survei Terbaru Elektabilitas Prabowo-Gibran Tembus 50 Persen Lebih https://t.co/6xt1suul2j","177","1733","242","1160","in","55507370","1733215269269688690","tvOneNews","https://twitter.com/tvOneNews/status/1733215269269688690","","Pulo Gadung, Indonesia","9846238"
"Fri Dec 08 23:54:45 +0000 2023","1733273942809534484","Ini bedanya Gilbran dan Gibran yang satu nyambung yang satu lagi tidak nyambung sama sekali  gitu lho M3RD3KAüëçü§üüôèüáÆüá©. https://t.co/PFA3391EsY","4","54","24","184","in","219244515","1733273942809534484","ruhutsitompul","https://twitter.com/ruhutsitompul/status/1733273942809534484","https://pbs.twimg.com/ext_tw_video_thumb/1732966459918405632/pu/img/ahziW4M7PumOa_kM.jpg","Jakarta","2406988"
"Fri Dec 08 23:42:00 +0000 2023","1733270733797699809","Emang koclak..  eh kocak paslon 2 ini. Debat kok gak mau disanggah  dikiranya acara standup comedy apa bisa ngoceh sendirian!  Gibran setiap saat ditanya wartawannya bilang siap mulu  lah ngapa TKN over protective banget  apa mrk sadar ketidakmampuan Gibran? https://t.co/L6SBK6wG0U","21","52","463","1065","in","1068371293290946561","1733270733797699809","BosPurwa","https://twitter.com/BosPurwa/status/1733270733797699809","https://pbs.twimg.com/ext_tw_video_thumb/1733225279886446592/pu/img/I-3jah0GDGW9akd3.jpg","Warteg","74640"
"Fri Dec 08 23:54:12 +0000 2023","1733273804447809829","Survei New Indonesia: Prabowo-Gibran Tembus 50 5%  Pilpres 2024 Diprediksi Satu Putaran https://t.co/uYHNQROai7 #Pemilu","67","723","134","544","in","47596019","1733273804447809829","liputan6dotcom","https://twitter.com/liputan6dotcom/status/1733273804447809829","","Jakarta","4613885"
"Fri Dec 08 23:06:14 +0000 2023","1733261735996604857","Ketua BEM UGM : Jokowi musuh bersama Demokrasi. #PolitikDinasti  #AbuseOfPower  #PenyalahgunaanKekuasaan  #PemiluCurang https://t.co/iKeVJdQFBH","0","2","14","18","in","1644513397957103617","1733261735996604857","sobat_gibran","https://twitter.com/sobat_gibran/status/1733261735996604857","https://pbs.twimg.com/ext_tw_video_thumb/1733261565665984512/pu/img/XnhDyqe_9qYP59cS.jpg","Yogyakarta, Indonesia","21"
"Fri Dec 08 23:11:57 +0000 2023","1733263172210180152","Ketua KPU menganggap bagi-bagi susu yang dilakukan Gibran di CFD tidak melanggar. Lalu bagaimana dengan banner yang terpampang dan berbunyi bahwa CFD dilarang untuk kampanye? https://t.co/E8Uy0b1mn3","0","1","5","5","in","1336140400835194880","1733263172210180152","ofSxhee","https://twitter.com/ofSxhee/status/1733263172210180152","https://pbs.twimg.com/ext_tw_video_thumb/1733263042979463168/pu/img/JDch3IJtZ7Ig4-7N.jpg","","4458"
"Fri Dec 08 23:23:28 +0000 2023","1733266070826582259","Selamat pagi.  Ohayo! Konnichiwa! Seperti mentari pagi yang cerah  akan membuat masa depan Indonesia cerah dengan program kerjanya. Halo  ini Prabowo - Gibran. #PrabowoGibran2024 https://t.co/gNLobhcWmK","1","4","2","3","in","291662709","1733266070826582259","GembiraJabar","https://twitter.com/GembiraJabar/status/1733266070826582259","https://pbs.twimg.com/ext_tw_video_thumb/1733265891188699136/pu/img/g7bc_RxrgdHh1Fa4.jpg","","9537"
"Fri Dec 08 22:59:13 +0000 2023","1733259966793056333","Terungkap! Pengusul Gubernur Jakarta Ditunjuk Presiden Ternyata Dari Partai Koalisi Prabowo-Gibran   https://t.co/0dD7R1MyIn","17","70","226","360","in","1220019150585643009","1733259966793056333","WongAlasRoban","https://twitter.com/WongAlasRoban/status/1733259966793056333","","","9154"
"Fri Dec 08 22:22:28 +0000 2023","1733250717769691240","@democrazymedia Iya..kan pasti untuk dua bocil tolol..@gibran_tweet @kaesangp https://t.co/AZ68ZnHX9D","0","3","9","40","in","1587924393002291201","1733124273718677767","IMachjar","https://twitter.com/IMachjar/status/1733250717769691240","https://pbs.twimg.com/media/GA2-V4Ua4AAvcoL.jpg","","727"
"Fri Dec 08 23:56:41 +0000 2023","1733274431139746237","Roy Suryo Resmi Beri Julukan Belimbing Sayur Kepada Gibran Rakabuming https://t.co/s1ytbZCM4r","8","6","278","717","in","887743587579944960","1733274431139746237","OposisiCerdas","https://twitter.com/OposisiCerdas/status/1733274431139746237","","","253349"
"Fri Dec 08 21:57:55 +0000 2023","1733244542017765817","Sarmuji Targetkan Kemenangan Signifikan Suara Prabowo-Gibran di Mojokerto Raya https://t.co/BVLP9mVOHA #partaigolkar #golkarpedia #airlanggahartarto #golkarprabowo #gibranmasukgolkar #kuningkeren https://t.co/AAFAT64WDQ","0","0","3","2","in","1593171387057049600","1733244542017765817","squadgolkar","https://twitter.com/squadgolkar/status/1733244542017765817","https://pbs.twimg.com/media/GA24ud3awAAEDiU.jpg","","76"
"Fri Dec 08 22:50:35 +0000 2023","1733257795917828456","Om gara gara dukung Gibran koq jadi konslet Ketua BEM itu lebih baik diraih dgn secara Demokratis dan beradu gagasan dibandingkan dgn Walikota juga berhasil dari Loby org tuanya  minta sama ketum PDIP agar anak dapat Rekom utk jadi walikota solo  gak usah tutup mata","0","4","6","16","in","1144772185229160449","1733257795917828456","eddy_widodo_165","https://twitter.com/eddy_widodo_165/status/1733257795917828456","","Bogor, Jawa Barat","9462"
"Fri Dec 08 22:46:51 +0000 2023","1733256857534472223","@DokterTifa @gibran_tweet Namanya juga bocil https://t.co/mmkmQr81iF","1","8","28","114","in","929287558281830400","1733256147115946179","yaniarsim","https://twitter.com/yaniarsim/status/1733256857534472223","https://pbs.twimg.com/media/GA3D7PtasAAhFkN.jpg","Indonesia","35357"
"Fri Dec 08 23:33:30 +0000 2023","1733268595738808611","Aparat kepolisian Netral...?? Koq gini amat ya aparat Kepolisian Sampai segitu nya mau turun tangan bantuin melobby @gibran_tweet Untuk mengkondisikan bertemu dengan Ulama kharismatik Abuya Muhtadi Pandeglang Banten  Padahal mereka tau Beliau Sdh jadi tim TPN GANJAR MAHFUD.. https://t.co/x4L3M2gdIy","1","1","11","21","in","1144772185229160449","1733268595738808611","eddy_widodo_165","https://twitter.com/eddy_widodo_165/status/1733268595738808611","https://pbs.twimg.com/media/GA3Ok-aaoAAeU2t.jpg","Bogor, Jawa Barat","9462"
"Fri Dec 08 23:55:02 +0000 2023","1733274016134357217","Gibran Maksa Banget Dapat Restu  tapi Abuya Tegaskan Konsiten Dukung Ganjar-Mahfud  Gibran Rakabuming Raka  Cawapresnya Prabowo Subianto  ngebet banget mendapat restu dan dukungan dari ulama kharismatik Banten  Abuya Muhtadi. Segala cara dilakukan Gibran agar Abuya Muhtadi‚Ä¶ https://t.co/5UidrJMPEd","1","3","33","59","in","2431310970","1733274016134357217","wantahgdn__","https://twitter.com/wantahgdn__/status/1733274016134357217","https://pbs.twimg.com/ext_tw_video_thumb/1733273967375638528/pu/img/b8zwT63SXdzImhu5.jpg","Jawa Timur, Indonesia","10654"
"Fri Dec 08 20:10:58 +0000 2023","1733217626737066322","PETANI KABUPATEN CILACAP DAPIL I DUKUNG PRABOWO - GIBRAN TAHUN 2024 MEDATANG.  Jumat 8 Desember Telah Selesai Acara Pelantikan Tani Merdeka Kabupaten Cilacap Dapil I Jawa Tengah    Turut Hadir Dalam Acara Kali Ini Ibuk novita wijayanti Membakar Semangat Para Petani  Petani Juga‚Ä¶ https://t.co/YyQC9UX0By","0","17","45","18","in","1392911246983241729","1733217626737066322","don_muzakir_","https://twitter.com/don_muzakir_/status/1733217626737066322","https://pbs.twimg.com/amplify_video_thumb/1733214070046863360/img/XTRuibBM7AyGDuPg.jpg","Tanah Abang, Indonesia","218"
"Fri Dec 08 17:07:12 +0000 2023","1733171378634047961","PRIMA Sulawesi Tenggara bergerak menangkan Prabowo-Gibran https://t.co/VTrEsuG3yJ","0","0","5","12","in","952056122508132353","1733171378634047961","WiwinIrawan89","https://twitter.com/WiwinIrawan89/status/1733171378634047961","https://pbs.twimg.com/media/GA12LuLagAIhQiV.jpg","Kota Kendari, Sulawesi Tenggar","1966"
"Fri Dec 08 22:30:29 +0000 2023","1733252737394180499","@Resty_J_Cayah @gibran_tweet Kiceup  kiceup  ngelel  miring miring  mata kosong  nyengir kuda  jawaban teu nyambung ü§≠","1","8","5","94","in","1661041817138368512","1733244933031764306","amelcewaw","https://twitter.com/amelcewaw/status/1733252737394180499","","","2777"
"Fri Dec 08 22:33:49 +0000 2023","1733253574405365913","Program makan gratis gagasan @aniesbaswedan PMTAS sewaktu menjabat gub DKI kini di jadikan visi misi paslon no 2. Hal itu diakui Rahayu selaku TKN @prabowo @gibran_tweet  AMIN kerenkan üëç #AMINAjaDulu https://t.co/yKjSYddPtT","0","1","19","35","in","929287558281830400","1733253574405365913","yaniarsim","https://twitter.com/yaniarsim/status/1733253574405365913","https://pbs.twimg.com/media/GA3A8EDaEAAK7QX.jpg","Indonesia","35357"
"Fri Dec 08 22:05:59 +0000 2023","1733246570760671548","Usai Dikunjungi Gibran  Abuya Muhtadi Tetap Dukung Ganjar-Mahfud   https://t.co/FdEw0Q7BZ6","0","3","2","10","in","1531957384213843970","1733246570760671548","yangmi3prnew","https://twitter.com/yangmi3prnew/status/1733246570760671548","","","13104"
"Fri Dec 08 22:54:22 +0000 2023","1733258748578398238","sebodoh-bodohnya manusia adalah pendukung gibran dan sezalim-zalimnya manusia adalah pendukung jokowi","0","0","6","9","in","1547283327610019841","1733258748578398238","ethnosophy","https://twitter.com/ethnosophy/status/1733258748578398238","","","3913"
"Fri Dec 08 23:16:59 +0000 2023","1733264440030818561","Yes pak @prabowo mas @gibran_tweet ‚úÖ plus team kampanyenya slalu kreatif  riang gembira  santuy  gemoy  cerdas dan tak pernah jelek2kan paslon lain  kerenü´∞ü©µ salam 2 ‚úåÔ∏èjari https://t.co/7y4BpMV93H","0","2","7","11","in","1318433622093746176","1733264440030818561","OktavianusYahy1","https://twitter.com/OktavianusYahy1/status/1733264440030818561","https://pbs.twimg.com/media/GA3K0bnbAAAScYz.jpg","Indonesia","674"
"Fri Dec 08 23:49:04 +0000 2023","1733272515265675306","Ketua @KPU_ID menganggap bagi-bagi susu yang dilakukan Gibran di CFD tidak melanggar. Lalu bagaimana dengan banner yang terpampang dan berbunyi bahwa CFD dilarang untuk kampanye?  KPU harus memberi pemahaman pada masyarakat dan jika tidak  masyarakat tidak akan percaya dengan‚Ä¶ https://t.co/eeN8nunjJY","1","0","9","8","in","2431310970","1733272515265675306","wantahgdn__","https://twitter.com/wantahgdn__/status/1733272515265675306","https://pbs.twimg.com/ext_tw_video_thumb/1733272413922840576/pu/img/4d3aN7wr2oNJ8K1Q.jpg","Jawa Timur, Indonesia","10654"
"Fri Dec 08 23:53:52 +0000 2023","1733273719915868197","@her_ermi @Siantar72 @PaimoMontok @Nagashima_007 @AriHend34760216 @Mamamochi1 @Andrikosasih @JessicaNeo4 @Simbok_Dharmi @gibran_tweet @EllyKoro Sy suka yg besar https://t.co/taYmpTcFEP","0","1","0","5","in","1422133217977454593","1733112829635695024","feroferraferri","https://twitter.com/feroferraferri/status/1733273719915868197","https://pbs.twimg.com/tweet_video_thumb/GA3TQe2bcAAv7Pa.jpg","","5958"
"Fri Dec 08 23:27:26 +0000 2023","1733267070396277197","@AriHend34760216 @Siantar72 @feroferraferri @PaimoMontok @Nagashima_007 @Mamamochi1 @Andrikosasih @JessicaNeo4 @Simbok_Dharmi @gibran_tweet @EllyKoro Pagi say..","0","2","0","4","tl","1604738352774729728","1733112829635695024","her_ermi","https://twitter.com/her_ermi/status/1733267070396277197","","Kota Malang, Jawa Timur","1763"
"Fri Dec 08 21:59:57 +0000 2023","1733245052179378435","@Paltiwest @eedo_realman Gpp bang bebas  itu nnti gibran yg tegur  @bawaslu_RI. Bawaslunya datang minta maaf","0","0","1","3","in","166230989","1729034496698466616","harywahyunarso","https://twitter.com/harywahyunarso/status/1733245052179378435","","JATIM, INDDONESIA","2943"
"Fri Dec 08 20:12:40 +0000 2023","1733218053536850274","Gibran mungkin hebat  tapi bebannya terlalu berat  -Utas singkat-  Sbg pemimpin muda  Gibran punya byk hal positif. Beliau jg punya gebrakan2 yang cukup baik.  Banyak proyek strategis di solo yang dieksekusi dengan baik Pertumbuhan ekonomi lebih besar dari rata2 nasional","1","1","1","2","in","1428570107635138567","1733218053536850274","lazuardi_riko","https://twitter.com/lazuardi_riko/status/1733218053536850274","","","29"
"Fri Dec 08 23:32:40 +0000 2023","1733268387693015417","Gibran banget loeü§£","0","1","0","3","in","558546971","1733268387693015417","4d3_4j4","https://twitter.com/4d3_4j4/status/1733268387693015417","","Rantau Prapat Sumatera Utara","1578"
"Fri Dec 08 23:36:14 +0000 2023","1733269282216386631","@Paltiwest @gibran_tweet menjawab  " Salah dukungan kali mereka Harusnya ke @ganjarpranowo ya rajaBokep. Awokawokawokawok!"","0","2","3","8","in","1707161719616028672","1733156908813734110","AsikinAja2000","https://twitter.com/AsikinAja2000/status/1733269282216386631","","","257"
"Fri Dec 08 23:45:09 +0000 2023","1733271528949838238","@Resty_J_Cayah @gibran_tweet 3 host nya biasanya pinter2 kok ga ada yg kritis ya...  Nanya GO internasional kok suruh pak RT menghimbau beli produk lokal...  ü§£ü§£ü§£ü§£","0","8","3","36","in","1380537624620789763","1733244933031764306","UAlla0879","https://twitter.com/UAlla0879/status/1733271528949838238","","","92"
"Fri Dec 08 23:47:02 +0000 2023","1733271999768899613","@panca66 Kalau Anda gak heran dgn keputusan AHY utk mendukung gibran yg jelas2 jalannya menjadi cawapres itu jauuuh dr demokrasi maka kenapa terhdp Cak Imin  Anda heran? Standar ganda.","0","7","3","78","in","990658484193513473","1733253825354781131","nisma_mokhtar","https://twitter.com/nisma_mokhtar/status/1733271999768899613","","Bandung, Jawa Barat","1763"
"Fri Dec 08 22:27:33 +0000 2023","1733251998571692432","Yg dibahas gibran mulu  akhirnya org2 ingat namanya... trus ingat fotonya... tanpa sadar yg tercoblos yg ada poto dia...  "Wah pasti curang... gak mgkn dia menang  dia gak ada kapasitas pemikirannya  bla bla..."  Aktris/aktor diingat bkn krn bagus actingnya  tapi apa peran dia...","0","2","6","7","in","42578020","1733251998571692432","roses_man","https://twitter.com/roses_man/status/1733251998571692432","","Bumi Bulat","2628"
"Fri Dec 08 23:55:19 +0000 2023","1733274087697568074","Salam Takzim untuk Abuya Muhtadi ... Ini Spirit &amp; Keyakinan semakin kuat untuk dukungan ke Mas @ganjarpranowo &amp; Prof @mohmahfudmd  SATU PUTARAN ü§üü§üü§üü§üü§ü  "Usai Dikunjungi Gibran  Abuya Muhtadi Tetap Dukung Ganjar-Mahfud" https://t.co/oxWTN1BFqs","0","0","0","4","in","1405136994288619529","1733274087697568074","Darkie72006006","https://twitter.com/Darkie72006006/status/1733274087697568074","","Indonesia","4580"
"Fri Dec 08 22:54:50 +0000 2023","1733258864060203191","@Siantar72 @PaimoMontok @Nagashima_007 @AriHend34760216 @Mamamochi1 @her_ermi @Andrikosasih @JessicaNeo4 @Simbok_Dharmi @gibran_tweet @EllyKoro Mangkir itu    harus hadir dalam undangan  bang","0","1","0","4","in","1422133217977454593","1733112829635695024","feroferraferri","https://twitter.com/feroferraferri/status/1733258864060203191","","","5958"
"Fri Dec 08 23:36:22 +0000 2023","1733269318400721254","@Paltiwest Tenang saja mas Gibran... yg bokep kan ganjar.....","0","5","2","12","in","1393949366549770240","1733156908813734110","RonaldC90687268","https://twitter.com/RonaldC90687268/status/1733269318400721254","","",""
"Fri Dec 08 21:51:03 +0000 2023","1733242812068745604","@VIVAcoid Judulnya HIPERBOLA sekali...@gibran_tweet bukan inisiatornya...juga bukan pembuatnya...dia hanya meresmikan.  Semua kota-provinsu kl digelontor anggaran besar juga pastinya bisa membangun hal serupa. https://t.co/rT72Brm7v8","0","2","5","25","in","139824697","1732972807586525402","kuli98","https://twitter.com/kuli98/status/1733242812068745604","https://pbs.twimg.com/media/GA23IIcbkAAei2H.jpg","Indonesia","58"
"Fri Dec 08 22:09:51 +0000 2023","1733247543143022859","gak ada arah baru lu mau ditempeng bos lu @gibran_tweet ? ü§£ü§£","0","0","2","2","in","1490799782952316930","1733247543143022859","benaradil","https://twitter.com/benaradil/status/1733247543143022859","","","1641"
"Fri Dec 08 23:14:16 +0000 2023","1733263754081816924","@feroferraferri @PaimoMontok @Nagashima_007 @AriHend34760216 @Mamamochi1 @her_ermi @Andrikosasih @JessicaNeo4 @Simbok_Dharmi @gibran_tweet @EllyKoro Jan ketawa kau wooooyyy","0","1","0","4","in","1426532095870967812","1733112829635695024","Siantar72","https://twitter.com/Siantar72/status/1733263754081816924","","","13616"
"Fri Dec 08 23:08:13 +0000 2023","1733262234602881268","@Siantar72 @feroferraferri @PaimoMontok @Nagashima_007 @Mamamochi1 @her_ermi @Andrikosasih @JessicaNeo4 @Simbok_Dharmi @gibran_tweet @EllyKoro Banyak yg tertipu gara2 aplikasi  renovasi wajah n umurüòÅüòÅüòÅ","0","1","0","4","in","1522928156541300737","1733112829635695024","AriHend34760216","https://twitter.com/AriHend34760216/status/1733262234602881268","","Jawa Tengah, Indonesia","3215"
"Fri Dec 08 22:45:54 +0000 2023","1733256615770640589","@Resty_J_Cayah @gibran_tweet Like father like son  bego kwadrad.. Namanya juga belimbing sayur ditambah asam sulfat","0","0","0","44","in","1503731958265761798","1733244933031764306","Pribadi66223655","https://twitter.com/Pribadi66223655/status/1733256615770640589","","","51"
"Fri Dec 08 22:39:48 +0000 2023","1733255083197170007","@Resty_J_Cayah @gibran_tweet Ini asli nie produk lokal tp ga jelas Sekolahnya ?","0","1","0","2","in","729651912996356096","1733244933031764306","sumodoel","https://twitter.com/sumodoel/status/1733255083197170007","","Indonesia","889"
"Fri Dec 08 23:30:56 +0000 2023","1733267950646464937","@prabowo dan @gibran_tweet mampunya cuma kek gini aja!  Minim literasi minim etika politik.   Hey @fadlizon ... cuma segini hasil elu dan partai lu jadi oposisi selama hampir 10 tahun?   Memalukan! ü§£ü§£ü§£","0","0","1","2","in","1622484956151975937","1733267950646464937","vanc1Bozz","https://twitter.com/vanc1Bozz/status/1733267950646464937","","","8098"
"Fri Dec 08 23:28:40 +0000 2023","1733267377561960692","@her_ermi @AriHend34760216 @feroferraferri @PaimoMontok @Nagashima_007 @Mamamochi1 @Andrikosasih @JessicaNeo4 @Simbok_Dharmi @gibran_tweet @EllyKoro Pagi bot...smgk botouhu mnyapa itoku si @ikapardede72 slmt pg ya","0","1","0","5","in","1426532095870967812","1733112829635695024","Siantar72","https://twitter.com/Siantar72/status/1733267377561960692","","","13616"
"Fri Dec 08 22:04:23 +0000 2023","1733246168883446261","@Resty_J_Cayah @gibran_tweet Sungguh gue berharap  semoga dia gak menjadi pemimpin bangsa yg besar ini. Kasian rakyat Indonesia.","0","1","0","84","in","1605041208694542336","1733244933031764306","SiBotski","https://twitter.com/SiBotski/status/1733246168883446261","","Around the Universe ü™êüåûüåü","128"
"Fri Dec 08 23:28:42 +0000 2023","1733267389469606186","@mpoklela7 @BANGSAygSUJUD @temanduit @siregar_elang @irenejuni_ @LOVE_UM4M4 @AndreasSolusi @OppungTp @PS_presiden2024 @icikiwir_08 @YoYoAyo17845 @asepsofyanwci @VaniaKiara3002 @mimih6mei @ignasbowo Prabowo-Gibran satu putaranü´∞üèªüî•","0","0","1","4","in","465291376","1733103033607675971","AmaliaAning","https://twitter.com/AmaliaAning/status/1733267389469606186","","Sentolo Kulon Progo","1035"
"Fri Dec 08 22:33:41 +0000 2023","1733253544575389915","@Resty_J_Cayah @gibran_tweet @gibran_tweet maunya debat resmi  karna dungunya juga resmi üòÄ","0","1","0","8","in","1295902768935256064","1733244933031764306","Manusia2B","https://twitter.com/Manusia2B/status/1733253544575389915","","Indonesia Raya","330"
"Fri Dec 08 23:04:21 +0000 2023","1733261261994168461","@Gojekmilitan Gibran mau debat  aturan debatnya yg dirubah. Gibran langgar kampanye  Bawaslunya yg minta maaf. Gibran kalah pemilu  pemilunya minta diulang.","0","0","1","5","in","1604692705472233472","1733238036392263896","MamangReborn","https://twitter.com/MamangReborn/status/1733261261994168461","","plongo land","855"
"Fri Dec 08 23:32:20 +0000 2023","1733268301516837104","@Gojekmilitan Sudah jawabannya @gibran_tweet gak nyambung trus munafik.... liat dong barang2 mevvah dia dan estrenyaaah... Tas  jam tangan  sepatu etc semua merk2 mevvah LN yg huarganya polpolaaaaaan...","0","0","3","16","in","920096674227281920","1733238036392263896","Gunawan53722139","https://twitter.com/Gunawan53722139/status/1733268301516837104","","Indonesia","157"
"Fri Dec 08 21:46:04 +0000 2023","1733241560245150075","Jurus jitunya :  1. Semua pertanyaan pemirsa sdh ada di visi misi .. Slhkan dibaca sendiri üôÑ 2. Pemirsa bertanya   gibran menjawab : nanti juru bicara saya yang akan menjelaskan üôÑ 3. Binun  Pemirsa tanya apa .. Gibran jawabnya apa   gk konek  4. Joged Gemoy nungul  Konslet dah","0","1","0","2","in","1476081073641562112","1733241560245150075","Widya_Makmur11","https://twitter.com/Widya_Makmur11/status/1733241560245150075","","Pengusaha... East Java","6372"
"Fri Dec 08 22:20:20 +0000 2023","1733250182895301045","Tuh @gibran_tweet dngrin Sebaiknya belajar dlu.jngn asal nyalon. Bagi2 susu ini mau smpe kapan andainya sudah terpilih apa tetap km bagi2 susu di jalan Kya gitu? Yg betul itu buat lapangan kerja  turunkan harga sembako  Biar rakyat makmur dan sehat.","0","1","2","2","in","1711586889789272064","1733250182895301045","fhinoalfhian","https://twitter.com/fhinoalfhian/status/1733250182895301045","","Jawa tengah","686"
"Fri Dec 08 22:22:15 +0000 2023","1733250667366789154","@rmol_id @gibran_tweet sih ngajarin yg ngak bener  org kalo sdh sepuh kan kembali spt anak kecil  suka meniru apa yg dilihat","0","0","1","19","in","168975655","1733145208546529695","Dwimesse_Dwi","https://twitter.com/Dwimesse_Dwi/status/1733250667366789154","","Jakarta - Indonesia","3581"
"Fri Dec 08 23:51:10 +0000 2023","1733273042279952787","@feroferraferri @Siantar72 @PaimoMontok @Nagashima_007 @AriHend34760216 @Mamamochi1 @Andrikosasih @JessicaNeo4 @Simbok_Dharmi @gibran_tweet @EllyKoro Ha...ha okeeh maturnuwun mas...ra onok mug cilik toh mas...üòÇü§£üòÄ","0","1","0","3","in","1604738352774729728","1733112829635695024","her_ermi","https://twitter.com/her_ermi/status/1733273042279952787","","Kota Malang, Jawa Timur","1763"
"Fri Dec 08 22:23:44 +0000 2023","1733251040160707027","@Resty_J_Cayah @gibran_tweet Pertanyaan internasional jawabannya interlokal  @gibran_tweet  ü§∏‚Äç‚ôÇü§∏‚Äç‚ôÇü§∏‚Äç‚ôÇü§∏‚Äç‚ôÇ","0","0","0","13","in","1166154578770812929","1733244933031764306","Bani___Adam","https://twitter.com/Bani___Adam/status/1733251040160707027","","","93"
"Fri Dec 08 23:07:18 +0000 2023","1733262001282158955","Gibran bin Jokowi Minta Doa  Abuya Muhtadi Banten Beristikamah Dukung Ganjar-Mahfud #abuyamuhtadi https://t.co/sQpn02Zb4O","1","93","94","96","in","79130206","1733262001282158955","jpnncom","https://twitter.com/jpnncom/status/1733262001282158955","","Indonesia","69278"
"Fri Dec 08 23:49:34 +0000 2023","1733272639022727235","Bedanya gibran kampanye tetap bersama istrinya bukan seprti ganjar  istrinya disuruh kampanye sendiri  anaknya disuruh kampanye sendiri  benar2 keluarga ganjar keluarga yg rakus kekuasaan","0","0","0","2","in","1210930281575632897","1733272639022727235","wellymerukh","https://twitter.com/wellymerukh/status/1733272639022727235","","","3010"
"Fri Dec 08 23:08:20 +0000 2023","1733262263132602473","@DokterTifa @gibran_tweet Gibran @gibran_tweet hilirisasi itu hanya ada pada elemen yg menjadi bahan baku dan dikembangkan lewat industri jadi bahan jadi atau setengah jadi. Nah start up  industri digital bahan bakunya apa hingga perlu hilirisasi? üòÄüòÄüòÄ","1","9","7","42","in","213168371","1733256147115946179","AH_SiregarXIX","https://twitter.com/AH_SiregarXIX/status/1733262263132602473","","Diatas Genteng Istana","5299"
"Fri Dec 08 23:36:11 +0000 2023","1733269272653341154","@bengkeldodo @gibran_tweet @P4P4B0W0_2024 @Ndons_Back @_NusantaraLand_ @bentangnegeri @adri_7i @AlmaghribiS @Kimberley_2024 @florieliciouss @mamamamabiasa @are_inismyname Pemimpin itu yg d pake otak sama gagasanny ","0","0","0","2","in","1106191005072556032","1733020703782514847","Mauls11614422","https://twitter.com/Mauls11614422/status/1733269272653341154","","","493"
"Fri Dec 08 22:11:45 +0000 2023","1733248021981438316","@Resty_J_Cayah @gibran_tweet Asli dah  parah mah klo kyk gni jd wapres üòÇüòÇüòÇ","0","2","0","25","in","1119881742121181184","1733244933031764306","FstrongW","https://twitter.com/FstrongW/status/1733248021981438316","","","171"
"Fri Dec 08 23:30:53 +0000 2023","1733267938139119858","Krn pendukung Gibran adlh pendukung Prabowo. Dan bnyk dari mereka orang2 mesum dan jg yg intoleran. Belum lagi ormas dan kelompok intoleran tetap dukung Prabowo secara senyap. Makanya ngeri jika Prabowo berkuasa. Kelompok tersebut akan muncul lagi dngn lbh berani dan lbh sadis.","0","2","1","2","in","720655727816105984","1733267938139119858","Fr4nst","https://twitter.com/Fr4nst/status/1733267938139119858","","üáÆüá©","2699"
"Fri Dec 08 22:14:32 +0000 2023","1733248723981926467","@Resty_J_Cayah @gibran_tweet bran @gibran_tweet kata jajang kmu bego","0","2","0","5","in","302039283","1733244933031764306","jogjaplaza","https://twitter.com/jogjaplaza/status/1733248723981926467","","Yogyakarta","997"
"Fri Dec 08 22:18:52 +0000 2023","1733249815272964589","@kurawa Sudahlah tak usah memoles moles @prabowo  @gibran_tweet  Yg membalas tweetan  90% menilai negatif ttg  2 oranng tsb","0","0","0","8","in","364492455","1733151105662832796","DRadjikin","https://twitter.com/DRadjikin/status/1733249815272964589","","","1387"
"Fri Dec 08 23:38:15 +0000 2023","1733269790570221605","@Resty_J_Cayah @gibran_tweet Nggak nyambung","0","0","0","3","in","1637441534177214466","1733244933031764306","hijriah17167608","https://twitter.com/hijriah17167608/status/1733269790570221605","","","240"
"Fri Dec 08 23:45:46 +0000 2023","1733271684776689945","@Siantar72 @AriHend34760216 @feroferraferri @PaimoMontok @Nagashima_007 @Mamamochi1 @Andrikosasih @JessicaNeo4 @Simbok_Dharmi @gibran_tweet @EllyKoro @ikapardede72 Okehh bottouhuüôè","0","0","0","3","in","1604738352774729728","1733112829635695024","her_ermi","https://twitter.com/her_ermi/status/1733271684776689945","","Kota Malang, Jawa Timur","1763"
"Fri Dec 08 23:35:23 +0000 2023","1733269069896515612","@Paltiwest @themyth888 Mereka salah baca arah politik ganjar..selama ini mereka 02 merasa IKN milik pak jokowi dan akan diwariskan sama prabowo gibranüòÇüòÇüòÇ","0","1","1","6","in","1711748778322251777","1733164125331865822","j18_gomos","https://twitter.com/j18_gomos/status/1733269069896515612","","North Sumatra, Indonesia","1090"
"Fri Dec 08 22:02:06 +0000 2023","1733245594356138168","@KompasTV Kenapa @SBYudhoyono @AgusYudhoyono @PDemokrat dukung pasangan cawapres @gibran_tweet yang dari keputusan HARAM MK? Sudah tau mundur ke belakang tetap kalian dukung. Dulu caci maki @prabowo sekarang berubah 180 derajat. Gak punya idealisme. @jansen_jsp @Hasbil_Lbs @Andiarief__","0","1","2","7","in","1603626819898331136","1733061504721911821","denihartono513","https://twitter.com/denihartono513/status/1733245594356138168","","Kebayoran Baru, Indonesia","95"
"Fri Dec 08 23:52:42 +0000 2023","1733273426960506891","@Resty_J_Cayah @gibran_tweet Kentara bnget planga plongo nya Ya Allahüò¢apa yg bisa diharapkan dari pemimpin seperti ini .semoga para pndukungnya sgera diberi hidayah sm Allah biar sadar sebelum telat","0","4","1","87","in","1439165406120349699","1733244933031764306","Naimamima11","https://twitter.com/Naimamima11/status/1733273426960506891","","","543"
"Fri Dec 08 22:28:23 +0000 2023","1733252209125863856","@Resty_J_Cayah @gibran_tweet Goblocknya gak ketolong","0","0","0","9","in","183517457","1733244933031764306","el4n9bint4n9","https://twitter.com/el4n9bint4n9/status/1733252209125863856","","Jakarta","4591"
"Fri Dec 08 22:32:51 +0000 2023","1733253332968570919","@tvOneNews Tv one dinobatkan sebagai corong Prabowo Gibran terhebat di nusantara","0","0","0","5","in","4607076133","1733124631874383881","penggunanote","https://twitter.com/penggunanote/status/1733253332968570919","","","168"
"Fri Dec 08 22:35:13 +0000 2023","1733253929558032425","@Resty_J_Cayah @gibran_tweet Kosong nampaknya","0","0","0","2","in","1228303342788431873","1733244933031764306","WSablang","https://twitter.com/WSablang/status/1733253929558032425","","","392"
"Fri Dec 08 23:44:52 +0000 2023","1733271457315332208","@Resty_J_Cayah @gibran_tweet Waduh...  salah tuh pertanyaannya. Jgn kasih pertanyaan internasional dlu. Kasih yg lokal dlu lah pertanyaannya. Yg lokal juga blm tentu faham..   awokwokwok..  ","0","0","0","22","in","1651375445265514496","1733244933031764306","IwanPmana87","https://twitter.com/IwanPmana87/status/1733271457315332208","","Indonesia","48"
"Fri Dec 08 22:27:58 +0000 2023","1733252105027383363","@Resty_J_Cayah @gibran_tweet Ditanya A jawabnya B  bener2 fokusnya gak ada  apa akibat IQ nasional rata2 dibawah 78?","0","2","0","3","in","1676835573460533249","1733244933031764306","yuda_a9","https://twitter.com/yuda_a9/status/1733252105027383363","","","18"
"Fri Dec 08 23:30:45 +0000 2023","1733267902156181788","@PreciosaKanti Ada yang merasa sudah mampu berbekal pengalaman 2 th sebagai kepala daerah dengan 5 kecamatan dan 54 kelurahan  penduduknya mayoritas 1 suku itu pun jumlahnya 500 rb jiwa Sementara Indonesia terdiri atas 83.793 kelurahan dan desa  1.340 etnis meliputi 274 jt jiwa @gibran_tweet","0","0","1","14","in","363380931","1733128268138873150","syueb2011","https://twitter.com/syueb2011/status/1733267902156181788","","Bogor, Indonesia","433"
"Fri Dec 08 22:26:26 +0000 2023","1733251716089631019","@Resty_J_Cayah @gibran_tweet Mukanya pake minyak bimoli apa sunco","0","1","0","2","in","999249610517299204","1733244933031764306","Sugengp57366297","https://twitter.com/Sugengp57366297/status/1733251716089631019","","","170"
"Fri Dec 08 22:08:14 +0000 2023","1733247137864175902","@cobeh2022 Kok gk malu sih berkoar2 kyk gitu padahal mmng sbnrnya Gibran bocil gk berani debat Krn mmng pasti kalah Krn otak Gibran kan dongo kyk bpknya si owi","0","1","0","2","in","1605041144274251776","1733227544743428333","DafilaLee","https://twitter.com/DafilaLee/status/1733247137864175902","","","16"
"Fri Dec 08 23:24:42 +0000 2023","1733266381486100571","@mochamadarip @budimandjatmiko Budiman ngomong Gibran bukan sosok yg jago debat. Trs lo ngomong Jago debat udah pengalaman di pilkada.... Gini amat Buzzer2 nyebokin Blimbing sayur...","0","0","1","2","in","1281146731481034753","1733116934764556610","zenondown","https://twitter.com/zenondown/status/1733266381486100571","","Jakarta Selatan, DKI Jakarta","290"
"Fri Dec 08 22:51:41 +0000 2023","1733258070611087374","@Chaves1305 @aniesbaswedan Yg terekam di benak rakyat utk prabowo jogetnya  untuk gibran asam sulfat  perbaiki cara kampanyenya... gitu aja!","0","1","0","7","in","1695093786580602880","1733147832029483209","perubahanwajib","https://twitter.com/perubahanwajib/status/1733258070611087374","","","13"
"Fri Dec 08 22:29:55 +0000 2023","1733252594032951570","@Tan_Mar3M @AaweRaja Sok iyess aslinya nyali gibran hanya tersisa 0 05%  Belimbing sayur dikarbit yo bonyok kabeh.","0","0","0","2","in","1710443065763332096","1733088059858866437","Sang_Kaisar723","https://twitter.com/Sang_Kaisar723/status/1733252594032951570","","","1028"
"Fri Dec 08 18:52:51 +0000 2023","1733197966796865584","@bumnbersatu @tvOneNews Cuma klo setiap hari ada makan siang di sekolah kasihan kantin sekolah bisa g laku . Kasihan kantin2 di kampus2 bisa g laku dan gulung tikar . Apa itu g dipikirkan team Prabowo Gibran . Apa memang mereka g bisa mikir dan g punya otak","0","0","0","6","in","3263924754","1733154802421666246","EkoEkobigcity","https://twitter.com/EkoEkobigcity/status/1733197966796865584","","","242"
"Fri Dec 08 20:48:20 +0000 2023","1733227029372502323","@ismailfahmi Iya  ngapain jg ikut debat yg diselenggarakan KPU. Debat kan tdk menggugurkan Gibran sbg cawapres. Dari pada debat  mending Gibran turun lapangan bagi2 susu plus asam sulfat...","0","0","0","4","in","1498628220056649728","1733137199191990599","kabildjafar","https://twitter.com/kabildjafar/status/1733227029372502323","","","200"
"Fri Dec 08 22:33:54 +0000 2023","1733253595079066082","@Resty_J_Cayah @gibran_tweet Ha ha ha joko sembung bawa golok ü§£ü§£ü§£ü§£","0","0","0","2","in","190816957","1733244933031764306","Bin94r","https://twitter.com/Bin94r/status/1733253595079066082","","javanes Timur, Indonesia","604"
"Fri Dec 08 22:42:03 +0000 2023","1733255648308248929","@tvOneNews Bukan nynyir bos  duit yang dipake anggaran darimana  apakah duit dari kemenhan  ? Atau darimana  harusnya anda dan Gibran Mundur dari jabatannya masing"  gimana mau disebut jurdil  mundur saja anda tak mampu.","0","2","0","12","in","626156275","1733154802421666246","Riez_1","https://twitter.com/Riez_1/status/1733255648308248929","","Jakarta Pusat, DKI Jakarta","725"
"Fri Dec 08 20:59:43 +0000 2023","1733229895055216743","@lexanderA_ @mohmahfudmd @ganjarpranowo Ada satu vidio dimana MARMUD bicara sangat netral dan bicara positif ttg Gibran. Tapi itu palsu Krn akhirnya keluar apa yg sebenarnya ada di hatinya yang hitam","0","1","0","2","in","1331503267814072320","1733067244756967885","Minietweets_","https://twitter.com/Minietweets_/status/1733229895055216743","","Home ","13535"
"Fri Dec 08 23:04:35 +0000 2023","1733261320047534441","Soal Gibran komentari soal gula dalam susu kotak hingga ribuan guru terima honor dari dana BOS  Jumat (8/12/2023). https://t.co/Rxd0woaQcd","0","0","0","1","in","23343960","1733261320047534441","kompascom","https://twitter.com/kompascom/status/1733261320047534441","","Jakarta","8580232"
"Fri Dec 08 21:59:37 +0000 2023","1733244970742788153","@bawaslu_RI  diancam hukum oleh tkn pak gibran? berani hadapi ga @bawaslu_RI ? üòá https://t.co/5HnZ54l9l7","0","2","2","2","in","1515689815","1733244970742788153","saiful_mujani","https://twitter.com/saiful_mujani/status/1733244970742788153","","Bogor Selatan, Indonesia","107752"
"Fri Dec 08 23:43:29 +0000 2023","1733271108751950158","@EricRicaldo Hahaha..palalu peyang.. Emang Belimbing sayur sudah lakukan apa? Diketawain orang Solo tuh  "SOLO bukan Gibran".","0","1","0","6","in","3024003216","1733177319052005407","iyoksantoso","https://twitter.com/iyoksantoso/status/1733271108751950158","","Tangerang","549"
"Fri Dec 08 20:19:26 +0000 2023","1733219757581901850","@txtdrpemerintah Intinya bem ugm kecewa karena jokowi menghalalkan segala cara untuk gibran biar bisa  maju sebagai cawapres  tapi bem-nya juga banyak bacot doang kek orang mau nyaleg  demo kayak gini ga etis untuk kampus sekelas ugm","0","1","0","5","in","1618299682966601729","1733097846679777687","baeelefs","https://twitter.com/baeelefs/status/1733219757581901850","","GMT + 7 üáÆüá©üáµüá≠","9096"
"Fri Dec 08 21:30:17 +0000 2023","1733237585743581370","@nongandah @gibran_tweet Masih banyak yg waras di indonesia ini   masih bisa membedakan karbitan dgn yg matang natural   biarpun itu anak presiden .anak presiden hanya status 5thn an yg utama ialah layak atau tdk   mampu atau tdk .","0","0","0","2","in","1578879206204747777","1733154259515097154","ir_turnip","https://twitter.com/ir_turnip/status/1733237585743581370","","","1714"
