"Wed Dec 06 19:07:33 +0000 2023","1732476892882813425","Gibran sudah buat apa ? https://t.co/m4hx2HBXjq","10","224","83","277","in","1197213380525707264","1732476892882813425","bentangnegeri","https://twitter.com/bentangnegeri/status/1732476892882813425","https://pbs.twimg.com/ext_tw_video_thumb/1732476848876253184/pu/img/btUw5Ap53PUIawXb.jpg","Kota Surabaya, Jawa Timur","6234"
"Wed Dec 06 21:53:46 +0000 2023","1732518721216999481","Mantap....SATU perSATU Kader DEMOKRAT Keluar dan Ogah dukung Gibran   kini Lebih memilih dukung Pasangan AMIN ğŸ¥°ğŸ¥° https://t.co/NPJTo3CJzC","1","4","36","84","in","1641093904236969992","1732518721216999481","AbdulRachimmks","https://twitter.com/AbdulRachimmks/status/1732518721216999481","https://pbs.twimg.com/ext_tw_video_thumb/1732518097570181120/pu/img/zzjKJmXfNBpZzB5H.jpg","Kota Makassar, Sulawesi Selata","4733"
"Wed Dec 06 22:36:57 +0000 2023","1732529587098448284","Bran @gibran_tweet sebetulnya modalmu  jadi CAWAPRES itu apa sih  Pengetahuan pas-pasan Pendidikan jalur penyetaraan Pengalaman Walkot karbitan  Kasus "Asam Sulfat" menunjukkan betapa kamu itu under Spec.  Terus yg bikin kamu PD jadi Cawapres itu apaa? https://t.co/rNjtfbXFu7","121","1065","1644","4455","in","1502822366946402304","1732529587098448284","DokterTifa","https://twitter.com/DokterTifa/status/1732529587098448284","https://pbs.twimg.com/media/GAsueUwaYAAeEfd.jpg","","116845"
"Wed Dec 06 23:46:37 +0000 2023","1732547119683457314","Gibran Tegaskan Hanya Akan Hadiri Debat Resmi yang Diselenggarakan KPU https://t.co/k7OxNCTSTy","551","2245","515","3276","in","41730943","1732547119683457314","VIVAcoid","https://twitter.com/VIVAcoid/status/1732547119683457314","","","4741356"
"Wed Dec 06 22:53:13 +0000 2023","1732533683364757971","@DokterTifa @gibran_tweet Jangan dianggap remeh ya ğŸ˜ƒğŸ˜ƒğŸ¤­ğŸ¤­ https://t.co/6tQDLpx8x1","3","16","12","81","in","996862859056300032","1732529587098448284","SAssauqie","https://twitter.com/SAssauqie/status/1732533683364757971","https://pbs.twimg.com/media/GAsyM1gb0AASS0r.jpg","","453"
"Wed Dec 06 23:39:04 +0000 2023","1732545221203042576","ğŸ˜âœŒï¸  Buat bocil soyoy  yg bilang Paslon 02 cuma baliho doang yg besar tapi gagasannya kecil  dasar bocah asbun loe ğŸ‘Š  Udah jelas @prabowo @gibran_tweet punya gagasan  syarat untuk Indonesia maju dari sisi pertahanan dan ekonomi.  KAU KOREK TELINGA MU DALAM2 GIELBRAN !!  .  âœŒğŸ˜› https://t.co/1d5XrwyoL3","9","25","68","85","in","196022448","1732545221203042576","XC1R3NG","https://twitter.com/XC1R3NG/status/1732545221203042576","https://pbs.twimg.com/ext_tw_video_thumb/1732545162583437312/pu/img/brZwUw4PpMflDxom.jpg","Bla Bla Bla Bla","10868"
"Wed Dec 06 23:47:55 +0000 2023","1732547448479092927","Sepertinya pertanyaan ini sudah bocor sehingga Gibran menolak hadir karena kesibukan melayani warga Solo..  Yang akhirnya merebut panggung adalah Prof Mahfud MD yang dengan tepat menyebut Asam Folat  bukan Asam Sulfat ğŸ˜„ğŸ˜„ğŸ˜„ https://t.co/alReGnZ0yl","3","32","75","264","in","214159664","1732547448479092927","Paltiwest","https://twitter.com/Paltiwest/status/1732547448479092927","https://pbs.twimg.com/ext_tw_video_thumb/1732547042705350656/pu/img/Z20WGPwRXbVjqqO8.jpg","Medan dan Jakarta, Indonesia","74830"
"Wed Dec 06 23:20:39 +0000 2023","1732540587730227561","Ada Claim Monopoli Kebohongan @PDI_Perjuangan yg terlanjur dipercaya masyarakat  Selama bertahun tahun  DISCLAIMER  "PDIP cuma melahirkan  tapi tidak pernah besarkan #jokowi_gibran"  @GunRomli @chicohakim  berani bantah fakta ini ?  #PrabowoGibran2024  #MenangSatuPutaran https://t.co/ISEFjLMQOG","8","79","41","97","in","1707296384347697152","1732540587730227561","icikiwir_08","https://twitter.com/icikiwir_08/status/1732540587730227561","https://pbs.twimg.com/ext_tw_video_thumb/1732540522810781696/pu/img/ROuA8JgE6n2LDe_l.jpg","","366"
"Wed Dec 06 23:30:55 +0000 2023","1732543168753832077","@tvOneNews Kalian Anak Buah Gibran... ğŸ‘ï¸ğŸ˜‡ @golkarpedia @AgusYudhoyono @presidenSBY @ZUL_Hasan https://t.co/mkiqBTj2ga","1","1","4","15","in","1605195051084435457","1732400410739257822","sumpanto","https://twitter.com/sumpanto/status/1732543168753832077","https://pbs.twimg.com/media/GAs605sbAAAp5mq.jpg","Tebet, Indonesia","1302"
"Wed Dec 06 23:57:18 +0000 2023","1732549808198468096","Wajar kalau kader Demokrat dan partai pendukung Gibran beramai-ramai membelot. Mereka adalah orang-orang waras yang tak mau merendahkan kehormatan bangsanya.","0","2","53","169","in","296177546","1732549808198468096","giginpraginanto","https://twitter.com/giginpraginanto/status/1732549808198468096","","","11184"
"Wed Dec 06 20:10:58 +0000 2023","1732492853010669965","Lagu asam sulfat untuk Gibran Biar makin cerdas dan berani menghadapi debat  .   tag || Blackpink Yere SALMA LAH Butet Asam Sulfat UNHCR Myanmar KOPI GRATIS E X O Bantu Teman Warga Banten Alam Ganjar Tidur Cleo YG Entertainment || https://t.co/zHoPxg4mUa","0","0","2","4","in","1608522814000336896","1732492853010669965","Ahlikomik","https://twitter.com/Ahlikomik/status/1732492853010669965","https://pbs.twimg.com/ext_tw_video_thumb/1732492773604171776/pu/img/li1344cJNo1ImMGf.jpg","","50"
"Wed Dec 06 23:50:29 +0000 2023","1732548092669706594","BODOH SEFREKUENSI . Sejak gemoy-gemoyan dan gibran-gibranan  maka kebodohan jadi pandemi. . Rakyat cerdas dan waras pasti TOLAK pembodohan: asam sulfat = zat besi? ğŸ¤£ğŸ¤£ğŸ¤£ Salam blimbing sayur Rakyat gerak bersama #GanjarMahfudM3nang  SATU PUTARAN ğŸ¤Ÿ ğŸ¤ŸğŸ¤Ÿ https://t.co/aEafSzkWLw","0","3","4","13","in","1295357096746053639","1732548092669706594","SahLeoSin","https://twitter.com/SahLeoSin/status/1732548092669706594","https://pbs.twimg.com/media/GAs_Tv6a0AAMtpb.jpg","","4627"
"Wed Dec 06 23:50:12 +0000 2023","1732548024747139134","Kenapa @gibran_tweet tidak hadir di @tvOneNews semalam ğŸ¤” Kenapa minggu lalu kampanye CFD bagi2 susu ğŸ¤” Jawabannya cuma satu YNTKTS ğŸ˜ Like father like son https://t.co/zf7h4OJ8wj","4","13","68","110","in","929287558281830400","1732548024747139134","yaniarsim","https://twitter.com/yaniarsim/status/1732548024747139134","https://pbs.twimg.com/ext_tw_video_thumb/1732547928802414592/pu/img/BEZhA_IhWsSFwHy-.jpg","Indonesia","35356"
"Wed Dec 06 22:34:12 +0000 2023","1732528897428988001","Tidak Hadiri acara Debat tvOne Bareng Cak Imin dan Mahfud MD  Gibran: Itu Debat Resmi  Netizen: Sok sokan Nanya Resmi  Elu Aja Jadi Cawapres Pake Jalur Tak Beretika Buatan Paman.","1","9","104","351","in","2905814730","1732528897428988001","abu_waras","https://twitter.com/abu_waras/status/1732528897428988001","","Bima Sakti, Bumi, Indonesia","236005"
"Wed Dec 06 23:06:04 +0000 2023","1732536917777162487","Respons Selvi Ananda Disorot  Tertunduk Saat Gibran Sebut Asam Sulfat untuk Ibu Hamil  Malu? https://t.co/14zzwZhJCe","2","26","13","66","in","55507370","1732536917777162487","tvOneNews","https://twitter.com/tvOneNews/status/1732536917777162487","","Pulo Gadung, Indonesia","9846239"
"Wed Dec 06 23:58:09 +0000 2023","1732550023777558934","Gibran Tegaskan Hanya Akan Hadiri Debat Resmi yang Diselenggarakan KPU  Biar Masyarakat yang Menilai ğŸ˜ğŸ˜ğŸ˜ https://t.co/ouFEm3ufsS https://t.co/gFBJ5YvL9M","24","99","48","128","in","2395238000","1732550023777558934","tijabar","https://twitter.com/tijabar/status/1732550023777558934","https://pbs.twimg.com/media/GAtAgEmawAAxjoj.png","Bandung, Jawa Barat","67252"
"Wed Dec 06 23:32:01 +0000 2023","1732543445380862199","@zy_zy_its_me @gibran_tweet Wajar.....  dana melimpah... https://t.co/QeZPQdZSPE","0","6","4","6","in","1664071680782893057","1732318461504913740","nifla2024","https://twitter.com/nifla2024/status/1732543445380862199","https://pbs.twimg.com/media/GAs7E9HbcAAQfKm.jpg","","266"
"Wed Dec 06 23:24:11 +0000 2023","1732541474510864561","Ndasmu kalian bl00n tu gak heran.  Jwb aja ni 3 pertanyaanku sbg pembukti Gibran yg pny kepentingan  ini kl km cerdas  kl km bl00n ya gak bakaln bs jwb: 1. Apa Gibran yg memohon gugatan? 2. Apa Gibran yg nyediakam lawyer? 3. Apa Gibran yg nyiediakan dana utk gugat? Ada buktinya?","0","0","1","4","in","1709123175450288128","1732541474510864561","mas_veel","https://twitter.com/mas_veel/status/1732541474510864561","","","494"
"Wed Dec 06 22:53:06 +0000 2023","1732533652251398615","Bran @gibran_tweet sebetulnya modalmu  jadi CAWAPRES itu apa sih  Pengetahuan pas-pasan Pendidikan jalur penyetaraan Pengalaman Walkot karbitan  Kasus "Asam Sulfat" menunjukkan betapa kamu itu under Spec.  Terus yg bikin kamu PD jadi Cawapres itu apaa? #copas ğŸ˜ğŸ™ğŸ¼","0","0","0","1","in","1604769276682207232","1732533652251398615","kuntaw_h","https://twitter.com/kuntaw_h/status/1732533652251398615","","","490"
"Wed Dec 06 23:26:10 +0000 2023","1732541974295851046","@DokterTifa @gibran_tweet Gimana gak SESAT PIKIR  GAGASANNYA KOSONG MELOMPONG https://t.co/MTVmV5cJpv","0","5","1","14","in","2397255536","1732529587098448284","SuyadiPatmo","https://twitter.com/SuyadiPatmo/status/1732541974295851046","https://pbs.twimg.com/media/GAs5vhPakAANqBS.jpg","Jawa Tengah,Indonesia","120"
"Wed Dec 06 23:13:28 +0000 2023","1732538776998854808","@DokterTifa @gibran_tweet Ibuku mendukungku dan membuatku PD. Dukungan seorang ibu jauh lbh dahsyat dibandingkan konstitusi manapun.. https://t.co/Es4DPdj7jk","0","15","2","34","in","1715707462576476160","1732529587098448284","elde_barge123","https://twitter.com/elde_barge123/status/1732538776998854808","https://pbs.twimg.com/media/GAs21gSa8AA0QPy.jpg","","1548"
"Wed Dec 06 23:40:50 +0000 2023","1732545667292401930","@genx36545403 @prabowo @gibran_tweet @jokowi @alextham878 @Alie_Fahnoor @AlmaghribiS @AndreasSolusi @are_inismyname @BANGSAygSUJUD @Bank_Joee_ @bengkeldodo @Chaves1305 @florieliciouss Kenapa anak muda pilih Wowo sayur blimbing krna anak muda nya tolol dan buta informasi juga bisa di bayar  itu lah alasan yg pasti","0","4","3","70","in","1623331251557126147","1732410908637589794","HaeroenE","https://twitter.com/HaeroenE/status/1732545667292401930","","","777"
"Wed Dec 06 23:55:05 +0000 2023","1732549251929170371","@Resty_J_Cayah Saya juga dua kali pilih Prabowo Subianto bahkan hampir 3 kali sebelum ambil Gibran jadi cawapres saya putuskan sekeluarga milih pak Anies","0","3","6","77","in","1062533580759265281","1732465908248150293","IlhamRamaSetia2","https://twitter.com/IlhamRamaSetia2/status/1732549251929170371","","","117"
"Wed Dec 06 23:00:42 +0000 2023","1732535566234009768","Kasihan rakyat miskin korban pembodohan....  Tega banget kamu Gibran!!!","0","3","5","8","in","1429787631496220677","1732535566234009768","ommi_siregar","https://twitter.com/ommi_siregar/status/1732535566234009768","","DKI Jakarta, IndonesiağŸ‡²ğŸ‡¨","8271"
"Wed Dec 06 22:10:10 +0000 2023","1732522848114397470","@MuhadklyAcho Bener banget! Siapa bilang Gibran takut debat? Perbaiki lisan anda ya  yg benar itu Debat nya takut sama Gibran!. Asam Sulfat sedang dirumuskan sebgai nama gizi baru di Indonesia  wapres ku ni boz  Goyang gemoy aja sih bener ini  siap minta mandat keliling Indonesia.!","0","7","10","65","in","1586661516165582849","1732407074758467927","exgemuk","https://twitter.com/exgemuk/status/1732522848114397470","","","24"
"Wed Dec 06 21:18:49 +0000 2023","1732509925828432347","Yg hamil jgn pilih gibran  nanti di kasih air accu  lah ya modyaaarrrr.... https://t.co/Q73u7FGdNM","0","0","0","5","in","1541831846354644992","1732509925828432347","Usuludin321","https://twitter.com/Usuludin321/status/1732509925828432347","https://pbs.twimg.com/ext_tw_video_thumb/1732509564740968448/pu/img/H5UPmv1D5fvfjzwX.jpg","indonesia","8651"
"Wed Dec 06 23:24:10 +0000 2023","1732541473198149993","@genx36545403 @prabowo @gibran_tweet @jokowi @alextham878 @Alie_Fahnoor @AlmaghribiS @AndreasSolusi @are_inismyname @BANGSAygSUJUD @Bank_Joee_ @bengkeldodo @Chaves1305 @florieliciouss MEMILIH  PRABOWO ATAU GANJAR  SAMA AJA DENGAN MENDUKUNG  JOKOWI 3 PERIODE","0","14","2","57","in","1595930668558450688","1732410908637589794","Pribumituan","https://twitter.com/Pribumituan/status/1732541473198149993","","","436"
"Wed Dec 06 23:43:31 +0000 2023","1732546342801793494","Sempurna banget hasil kajian Indo Barometer @IndoBarometer_   @indobarometer terhadap gibran @gibran_tweet aspek intelektual nya ungguli mahfud dan cak imin. Kapan mau survei ijazah jokowi neeh ? Ditunggu masyarakat hasil nya harus lebih baik dari kajuan gibran ya. Amin","0","0","0","1","in","1666216998496526336","1732546342801793494","TriYsanto33621","https://twitter.com/TriYsanto33621/status/1732546342801793494","","","487"
"Wed Dec 06 22:45:40 +0000 2023","1732531781994430677","@tijabar Semoga ybs tidak stress. Karena mungkin puluhan juta pemirsa saksikan langsung debat cawapres Cak Imin vs Mahfud... Saat Prof.Effendi sebut nama Gibran gemuruh huuuu  menandai apa yg digembar gembor bhw Gibran adlh representasi anak muda terbukti paradoks.","0","2","12","34","in","1504042037896613888","1732404831053283704","HermanBudiSant4","https://twitter.com/HermanBudiSant4/status/1732531781994430677","","","3175"
"Wed Dec 06 23:14:09 +0000 2023","1732538951301574775","@DokterTifa @gibran_tweet Bu dokter nanya kenapa gibran PeDe jadi cawapres???... Ya jelas bapak nya lah Bu   Lihatin capres lain sudah sibuk kampanye menyapa rakyat dia mah santai aja jam 9 tidur....ada bapak nya yang bantu memenangkan pertarungan ini...","0","4","4","70","in","1036621091161010177","1732529587098448284","D002832","https://twitter.com/D002832/status/1732538951301574775","","","87"
"Wed Dec 06 22:22:44 +0000 2023","1732526013006189038","@drama_maya8 @PartaiSocmed @gibran_tweet Yg pasti kurang wawasan bro   kalo salah pas waktu bicara langsung d ralat","0","0","0","1","in","798384556936044545","1731891410574471246","cepi139","https://twitter.com/cepi139/status/1732526013006189038","","Majalaya, Indonesia","23"
"Wed Dec 06 22:36:26 +0000 2023","1732529459054698943","Bawaslu Peringatkan Gibran soal Bagi-bagi Susu di CFD  Netizen: Kasih Sanksi Dong  Biar Tidak Jumawa dan Mentang Mentang Anak Presiden","0","5","12","56","in","2905814730","1732529459054698943","abu_waras","https://twitter.com/abu_waras/status/1732529459054698943","","Bima Sakti, Bumi, Indonesia","236005"
"Wed Dec 06 22:53:51 +0000 2023","1732533843129942246","Semua aja diaku pendukung gibran  besok alien turun ke bumi disuruh juga tuh joget gemoy dukung cawapres modal paman","0","4","17","81","in","1448080308","1732533843129942246","strike_bravo_b","https://twitter.com/strike_bravo_b/status/1732533843129942246","","Indonesia ","9949"
"Wed Dec 06 22:39:23 +0000 2023","1732530203162030401","@DokterTifa @gibran_tweet Modalnya: kebal rasa malu... https://t.co/IoGEtnjbmG","0","0","0","7","in","1383719268219453453","1732529587098448284","pipihfiles","https://twitter.com/pipihfiles/status/1732530203162030401","https://pbs.twimg.com/media/GAsvCOYaQAAXmKZ.jpg","Tanah Abang, Jakarta ğŸ‡®ğŸ‡©","1933"
"Wed Dec 06 23:30:16 +0000 2023","1732543005826134278","@Speedtrap_ @AsliLanang2 @ArdiKuncoro_ @gibran_tweet @mohmahfudmd Gibran masih mentah  belum matang secara kompetensi untuk menjadi pemimpin dari 275 juta penduduk. Coba kalau dia mau nunggu 10 - 15 tahun lagi. Pemahaman tentang masalah-masalah yang ada di bangsa ini masih sangat kurang sekali. #GibranTakutDebat","1","1","0","2","in","82507254","1731865861915578603","encuscute","https://twitter.com/encuscute/status/1732543005826134278","","","86"
"Wed Dec 06 22:46:43 +0000 2023","1732532047212883991","Survey menggelikan. Pakai akal waras jgn cuma mikir duitnya  Aspek Intelektual Gibran Rakabuming Raka Ungguli Mahfud MD dan Cak Imin di Survei Indo Barometer https://t.co/OLffqWYUph","0","0","0","1","in","1345745587","1732532047212883991","NikoAkmal","https://twitter.com/NikoAkmal/status/1732532047212883991","","Ruwetnesia","4371"
"Wed Dec 06 23:43:47 +0000 2023","1732546408543363569","@Uni_RancakBana @GibranRakabumi @gibran_tweet Ya itu jg sdh lu mention.. Pasti cuitan ini nyampe walaupun ga tau dibaca ngganya.. ğŸ˜","0","0","0","2","in","214359602","1732229801669439982","realjoprazz","https://twitter.com/realjoprazz/status/1732546408543363569","","bandung city - indonesia","113"
"Wed Dec 06 22:54:23 +0000 2023","1732533977284739576","@SPrabawanta @PaimoMontok @Siantar72 @ikapardede72 @feroferraferri @ErmiPurba1 @Yudiantiyaman @SusilawatiSisi2 @Nagashima_007 @mulyadi2028 @indra_hut @GaulSiantar @Kanjeng2022 @RaniKancana @gibran_tweet @Partai_Slebew @AriHend34760216 @JessicaNeo4 ğŸ˜‚ğŸ˜‚ğŸ˜‚  Durung tekan omah wis keturon aku.. ğŸ¤­ğŸ˜  Sugeng enjing mas @SPrabawanta .. Sumonggo ngopi rumiyin... â˜•ğŸ˜Š","0","3","0","5","in","1214470898150854657","1731897188136140995","Mamamochi1","https://twitter.com/Mamamochi1/status/1732533977284739576","","Kota Batam, Kepulauan Riau","21713"
"Wed Dec 06 23:58:05 +0000 2023","1732550008002818293","Klau ada @gibran_tweet pasti ngomong gini " tenangÂ² ada bapaku " ğŸ˜†ğŸ˜ğŸ˜„","0","1","0","2","in","2434644384","1732550008002818293","tr1ey","https://twitter.com/tr1ey/status/1732550008002818293","","","3098"
"Wed Dec 06 23:05:08 +0000 2023","1732536682380206096","Bocil karbitan asam sulfat @gibran_tweet ternyata pecundang","0","0","1","1","in","2357998424","1732536682380206096","rachman0565","https://twitter.com/rachman0565/status/1732536682380206096","","","1149"
"Wed Dec 06 23:50:26 +0000 2023","1732548081974214870","@VIVAcoid Gibran kalau kurang percaya diri jadi cawapres  ngapain sih mau jadi cawapres  bikin malu yg ngusung saja ğŸ˜‚","0","13","7","115","in","1604403980582674432","1732547119683457314","linglin53187986","https://twitter.com/linglin53187986/status/1732548081974214870","","","94"
"Wed Dec 06 22:38:24 +0000 2023","1732529953512854010","Gara gara susu nya Gibran https://t.co/qfnwCw6T6x","1","0","0","15","in","1130138174833823745","1732529953512854010","hutanpinus___","https://twitter.com/hutanpinus___/status/1732529953512854010","https://pbs.twimg.com/media/GAsuzLDbMAEJ8c_.jpg","Yogyakarta, Indonesia","1806"
"Wed Dec 06 23:28:00 +0000 2023","1732542436675866876","TimNas Anies-TPN Ganjar : Soal Debat Cawapres di Tiadakan  Sebut Menghina Gibran https://t.co/ms289GFVKp","0","2","6","12","in","1226436091617505281","1732542436675866876","keuangannews_id","https://twitter.com/keuangannews_id/status/1732542436675866876","","","98707"
"Wed Dec 06 23:26:44 +0000 2023","1732542115262107760","Baca judul berita ini membuat saya bingung. Bukannya karena resmi makanya harus diikuti? Ini yang salah ngomong Gibran atau TV One yang salah kutip?","0","1","4","14","in","37635724","1732542115262107760","BuniYani","https://twitter.com/BuniYani/status/1732542115262107760","","","15325"
"Wed Dec 06 23:45:01 +0000 2023","1732546716916949466","@tvOneNews Mlekedes ntut mberut  Solo itu luasnya hanya 44km persegi  penduduknya terkenal dgn idiom trimo ing pandum  dgn memiliki sifat2 seperti itu scr politik pemimpin lebih mdh mengatur kebijakannya  2 keberhasilan Solo saat ini jg bukan kebijakan Gibran semata  ini adalah cawe2 pusat https://t.co/rANlD8U7qg","0","1","0","10","in","1707435734","1732445093368578145","zuhripuding","https://twitter.com/zuhripuding/status/1732546716916949466","https://pbs.twimg.com/media/GAs-DsGbsAAFCDB.jpg","Central Java, Indonesia","92"
"Wed Dec 06 23:24:54 +0000 2023","1732541656749240765","@tijabar Orang2 yg mempuji muji Gibran jadi cawapres  adalah tipe orang2 1. Politikus rakus yg mementingkan dirinya dan kelompoknya. 2. Orang yg kebanyakan minum/menghirup asam sulfat hingga otak nya error. Mau dipoles sedemikian rupa  dia tetap nol","0","1","1","2","in","1707435734","1732404831053283704","zuhripuding","https://twitter.com/zuhripuding/status/1732541656749240765","","Central Java, Indonesia","92"
"Wed Dec 06 20:34:23 +0000 2023","1732498742056829356","@bengkeldodo @prabowo @gibran_tweet @mimih6mei @bentangnegeri @mamamamabiasa @dennyindrayana @BANGHAYEK @DarekaRendy @gtobing2903 @andrewenas Yang bikin gw semakin yakin jangan pilih dia","1","1","0","12","in","1613187250862587905","1732310579820605635","decoaeza","https://twitter.com/decoaeza/status/1732498742056829356","","","76"
"Wed Dec 06 23:08:38 +0000 2023","1732537560461885938","Lindungi konstitusi saja dulu Dik Gibran.  Selalu berproses dengan benar dalam setiap tahapan.  https://t.co/kZpoSRGjX6","0","1","2","7","in","39964465","1732537560461885938","mantriss","https://twitter.com/mantriss/status/1732537560461885938","","","34136"
"Wed Dec 06 21:15:48 +0000 2023","1732509165388505299","@Yurissa_Samosir @AdamVelcro @AdeDhani9 @aking_adit @chaidar_2000 @Kang_Toniee @NohCeukenohhh @mustafaagus007 @choymarkochoy @Harywaraz Gibran takut akan di jadikan belimbing sayur ama cak imin","0","0","0","2","in","158509520","1732398502024728922","azhar_ntb","https://twitter.com/azhar_ntb/status/1732509165388505299","","MEKKAH AL MUKARROMAH","51"
"Wed Dec 06 22:47:13 +0000 2023","1732532172110868740","@Yulia_NS79 @mohmahfudmd @cakimiNOW @gibran_tweet Penguasa ga peduli yg bgtu   mau datang atau tidak    menghargai atau tidak   masyarakat akhirnya melihat sifat arogan nya","0","1","0","1","in","1422133217977454593","1732529428667011152","feroferraferri","https://twitter.com/feroferraferri/status/1732532172110868740","","","5958"
"Wed Dec 06 22:40:43 +0000 2023","1732530536562987082","@bengkeldodo @prabowo @gibran_tweet @mimih6mei @bentangnegeri @mamamamabiasa @dennyindrayana @BANGHAYEK @DarekaRendy @gtobing2903 @andrewenas Banyak balihonya  sedikit gagasannya","0","0","1","11","in","1569013603008917504","1732310579820605635","bayubamzz","https://twitter.com/bayubamzz/status/1732530536562987082","","","63"
"Wed Dec 06 22:49:45 +0000 2023","1732532808575557720","Gibran....  Fahri dibantah...","0","0","4","4","in","2359120716","1732532808575557720","AcehSelatanSatu","https://twitter.com/AcehSelatanSatu/status/1732532808575557720","","IndonesiaNegeriku","16647"
"Wed Dec 06 23:59:42 +0000 2023","1732550411889074536","@bentangnegeri Padahal prestasi segudang  kenapa semalam gibran tak datang? https://t.co/2mrSjRJI0S","0","1","0","5","in","1197371057834876935","1732476892882813425","sepedakujelek","https://twitter.com/sepedakujelek/status/1732550411889074536","","utan kayu, jakarta","705"
"Wed Dec 06 22:50:58 +0000 2023","1732533114801680638","@bengkeldodo @prabowo @gibran_tweet @mimih6mei @bentangnegeri @mamamamabiasa @dennyindrayana @BANGHAYEK @DarekaRendy @gtobing2903 @andrewenas Skip.. fokus dukung kpd AMIN","0","0","0","1","in","1713410162743209984","1732310579820605635","rahamaniawt","https://twitter.com/rahamaniawt/status/1732533114801680638","","","20"
"Wed Dec 06 23:10:09 +0000 2023","1732537941938090140","@alisyarief Walo pak prabowo berhalangan dan akhirnya gibran jd presiden  pasti bisa menghadapi semua itu.. Gibran pasti dibantu bapaknya dan keluarganya untuk mengurus negara.. ğŸ¤ª","0","0","0","2","in","1667840220","1732535783289184745","AdipatiOnline","https://twitter.com/AdipatiOnline/status/1732537941938090140","","","12"
"Wed Dec 06 23:56:52 +0000 2023","1732549700077932961","@YRadianto @gibran_tweet Maaf tdk hadir lagi sibuk bagi2 Asam sulfat","0","0","0","2","in","1687309120406495232","1732396346173428200","HasimSamsu41509","https://twitter.com/HasimSamsu41509/status/1732549700077932961","","",""
"Wed Dec 06 23:32:26 +0000 2023","1732543551794466938","@DokterTifa @gibran_tweet AstagfiruLlahaladzim  krn 1 keluarga  nkri jd hancoer leboer amboeradoel bangkroet  tobat7x  naudzubillahi...","0","0","0","6","in","1463689959752142852","1732529587098448284","harystwn1","https://twitter.com/harystwn1/status/1732543551794466938","","","244"
"Wed Dec 06 22:40:59 +0000 2023","1732530604842135718","@DokterTifa @gibran_tweet Kelebihannya  karena tokoh tokoh politk partai besar pendukungnya peliharaan Jokowi..ğŸ˜‚","0","1","0","5","in","1698739481262837760","1732529587098448284","myperspective76","https://twitter.com/myperspective76/status/1732530604842135718","","","98"
"Wed Dec 06 22:29:37 +0000 2023","1732527742535778571","@bengkeldodo @prabowo @gibran_tweet @mimih6mei @bentangnegeri @mamamamabiasa @dennyindrayana @BANGHAYEK @DarekaRendy @gtobing2903 @andrewenas Kamu memang ndak salah pilih do...merapat ke yang dananya paling besar Amin itu apa miskin ndak punya logistik nyapres modal nekat saja","0","0","0","1","in","1566785290009645056","1732310579820605635","slowwae7","https://twitter.com/slowwae7/status/1732527742535778571","","","120"
"Wed Dec 06 22:04:58 +0000 2023","1732521539286028739","@Paltiwest Bang...RUU itu usulan parpol  dibahas di DPR parpolnya banyak  jangan semuah dikaitkan ama Gibran ama Kaesang nggak jelas jadinya  kalo mau galau nih ya galau aja sendiri jangan ngajak2 org","0","2","2","10","in","87947920","1732386741024432211","dhianprass","https://twitter.com/dhianprass/status/1732521539286028739","","indonesia","1209"
"Wed Dec 06 23:46:08 +0000 2023","1732547000670073086","Ngga malu 2 periode cawe-cawe sekarang Kritik mas Gibran... Ngesali  ğŸ˜‚","1","0","1","5","in","2395238000","1732547000670073086","tijabar","https://twitter.com/tijabar/status/1732547000670073086","","Bandung, Jawa Barat","67252"
"Wed Dec 06 23:44:12 +0000 2023","1732546512780185607","@MuhiqR @choymarkochoy @NohCeukenohhh @Malika6027 @Mayapada_1108 @stacitarpeta18 @AnKiiim_ @BarisanOpOsisi @doelpaten @Azri_Ardhani Pak Anies dulu seumur Gibran sudah jadi Dosen bahkan menjadi Rektor termuda .","0","0","1","4","in","1605760365866160129","1732446955253756264","Putri96960977","https://twitter.com/Putri96960977/status/1732546512780185607","","","3435"
"Wed Dec 06 22:45:16 +0000 2023","1732531679963844798","@KompasTV Ide Drajad Wibowo ini masuk akal akal waras.Lbh baik lagi debatnya dilakukan di rumah masing2 pada tengah malam.Cerdas juga ide mas Drajad. Cerdas krn bingung tutupin "wajah Gibran". Oalah mas mas..@PAN_Official","0","0","1","2","in","1639157189792378882","1732354085138080026","HendZiddane","https://twitter.com/HendZiddane/status/1732531679963844798","","Bogor,Jabar","178"
"Wed Dec 06 21:45:02 +0000 2023","1732516523040752037","@MOHDAHL01728541 @TeddGus Si @gibran_tweet bakal kepoyoh poyoh jika ada di posisi Prof. @mohmahfudmd gini  bakal minta ke ayah  tutup forum dengar pendapat","0","0","0","0","in","1731463138347020288","1732020540758425887","jatidiri_qu","https://twitter.com/jatidiri_qu/status/1732516523040752037","","East Borneo, Indonesia","225"
"Wed Dec 06 22:49:51 +0000 2023","1732532836723458088","@tvOneNews Yg debat resmi KPU lu minta batalin bran @gibran_tweet  yg ditempat lain elu tanyain resmi apa nggak  ngeles lu kayak tukang bajaj  emang hobi ngegibran","0","0","1","2","in","1087601491496452099","1732400410739257822","Effan65656215","https://twitter.com/Effan65656215/status/1732532836723458088","","Indonesia","55"
"Wed Dec 06 23:04:26 +0000 2023","1732536507351912945","@abu_waras @Syafaruddinzein Gibran bisa Jadi Musuh Bersama Anak2 Muda","0","0","0","3","in","1503028852087746560","1732528897428988001","Almudattsir","https://twitter.com/Almudattsir/status/1732536507351912945","","Borneo ","247"
"Wed Dec 06 23:38:14 +0000 2023","1732545012385173912","@zy_zy_its_me @gibran_tweet sebelum @gibran_tweet jadi walikota  event2 lampion sudah ada sebelumnya. awokawokawok","0","0","0","2","in","870229131245494274","1732318461504913740","HarmonySoloTeam","https://twitter.com/HarmonySoloTeam/status/1732545012385173912","","","56"
"Wed Dec 06 23:50:55 +0000 2023","1732548201537056929","@alisyarief Coba si bapak dibisikin "pak kamu nanti jadi direktur BUMN  jika pilih prabowo Gibran."  Langsung tuh balik arah lagi","0","1","1","8","in","1441927488376958976","1732535783289184745","Ojolsang3","https://twitter.com/Ojolsang3/status/1732548201537056929","","Denpasar","229"
"Wed Dec 06 22:04:06 +0000 2023","1732521322201420237","Bawaslu Akan Panggil Gibran Soal Dugaan Pelanggaran Kampanye https://t.co/1qwxDynwHk","0","0","0","0","in","552523769","1732521322201420237","KATADATAcoid","https://twitter.com/KATADATAcoid/status/1732521322201420237","","Jakarta","61715"
"Wed Dec 06 22:49:37 +0000 2023","1732532775893524603","@Ngadinopanser @adri_7i @gibran_tweet Berita itu basi...ini dh th 23 ... Bolehlah pke bahasa Inggris..biar seruu ...ğŸ˜‚ğŸ˜‚ğŸ–ï¸âœŒï¸ğŸ«°","0","1","0","2","in","1603531728059977728","1732429679456612858","mbienyambay","https://twitter.com/mbienyambay/status/1732532775893524603","","DreamlandğŸ‡®ğŸ‡©","497"
"Wed Dec 06 23:34:24 +0000 2023","1732544045719932957","@cobeh2022 Keterlaluan.@IndoBarometer_  @indobarometer M Qudari sangat keterlaluan ngawurnya.Jilat kaki Gibran boleh2 saja tapi otak hrs dipakai.Masak intelektualitas Gibran DIATAS prof MahfudMD.Gelo sia.","0","0","3","16","in","1639157189792378882","1732437302998372459","HendZiddane","https://twitter.com/HendZiddane/status/1732544045719932957","","Bogor,Jabar","178"
"Wed Dec 06 21:49:18 +0000 2023","1732517599127167139","@tvOneNews Yg nyalonin gibran jadi cawapres saya perlu diperiksa otaknya dan kinerjanya serta hartanya Sebagai anggota legislatif fan yudikatip..kalo masalah otaknya sepertinya sudah tak waras lagi..yg memilih nya setara orang IDIOT atau lebih parahnya sudah gila","0","0","1","3","in","846108018827673600","1732400410739257822","Sutanali7","https://twitter.com/Sutanali7/status/1732517599127167139","","Kota Medan, Sumatera Utara","14"
"Wed Dec 06 22:57:00 +0000 2023","1732534635660554485","Pantaslah gak berani debat  gak ada yg bisa ia jual dari seorang prabowo selain hidup jokowi sementara Gibran hanya sebatas berbakti kepada orang tua ğŸ˜ğŸ˜","0","1","1","2","in","1552590340959649793","1732534635660554485","Wira_Hadi07","https://twitter.com/Wira_Hadi07/status/1732534635660554485","","","727"
"Wed Dec 06 22:35:53 +0000 2023","1732529321859063863","@liputan6dotcom kok gak sekalihan Timnas Brasil mendukung  Prabowo-Gibran ğŸ˜†ğŸ˜†ğŸ˜†","0","0","0","1","in","1644150574802436096","1732358868414636102","Basuki82482Yudi","https://twitter.com/Basuki82482Yudi/status/1732529321859063863","","","385"
"Wed Dec 06 22:45:16 +0000 2023","1732531679993176513","@cobeh2022 Jangan suka keminter  hebat sendiri  mas...biasalah hidup didunia salah ngomong  kita jg pasti pernah salah ucap. Itu mas @gibran_tweet  mau berucap asam Folat  yg terucap lain  masa iya gitu jadi bahan ejekan terus2an. Manusia...manusia  kok ada orang sukanya menjelekan org lain","0","0","0","1","in","1597165898921439232","1732437302998372459","SiswantoBudiut5","https://twitter.com/SiswantoBudiut5/status/1732531679993176513","","","266"
"Wed Dec 06 23:59:06 +0000 2023","1732550262299209890","@SahLeoSin Kalah orang yang belajar kimia sm pendukungnya @gibran_tweet ğŸ˜‚","0","0","0","1","in","1227083919025221632","1732548092669706594","Zeent29","https://twitter.com/Zeent29/status/1732550262299209890","","Bekasi, Indonesia","21"
"Wed Dec 06 23:39:11 +0000 2023","1732545249673933225","@kompascom Kalau debat tidak ada saling sanggah untuk apa debat? Hanya formalitas  normatif  yang akan membuat pemirsa bosan. Mendingan nonton drakor! Daripada nonton drama politik konyol  yang semua sudah disetting memproteksi sang pangeran Gibran.","0","3","0","48","in","57570619","1732310203121688744","danielht2009","https://twitter.com/danielht2009/status/1732545249673933225","","","1973"
"Wed Dec 06 23:15:54 +0000 2023","1732539389434327441","@seruanhl @03__nakula @Aryprasetyo85 @007koteka @BiLLRaY2019 @denni_sauya @Jr_Kawe19 @RenaHoston178 @selfmirror_ @terbucinz @Urrangawak Saya yakin 100% kalau @gibran_tweet ataupun istrinya tidak pernah tahu kegiatan posyandu yang ada di sekitar tempat tinggalnya. Apa yang dilakukan kader gizi  isi PMT. Makanan sehat tidak hanya susu  makanan enak belum tentu bergizi.  Turunkan sifat congkakmu","0","0","0","2","in","363380931","1732409026699542648","syueb2011","https://twitter.com/syueb2011/status/1732539389434327441","","Bogor, Indonesia","433"
"Wed Dec 06 21:12:08 +0000 2023","1732508245665919381","@NenkMonica @gibran_tweet @tvOneNews Ada apa gerangan dng Gibran yg tdk berkenan hadir? Tema dialog pas utk dia  yg konon representasi kawula muda. Kira2 apa pertimbangan Gibran dan tim kampanyenya? Kapasitas yg memang minim or mental yg tdk siap beradu ide? Kita tunggu lg tangkisan dr Tim 02 membela Gibran mati2an","0","0","0","5","in","1423885530358435841","1732404304412312017","Juragan_Sampan","https://twitter.com/Juragan_Sampan/status/1732508245665919381","","","25"
"Wed Dec 06 23:41:36 +0000 2023","1732545857004990807","@porosotLeos1 @Dennysiregar7 @psi_id @prabowo @gibran_tweet @ganjarpranowo Itulah mereka... Pingin njatuhin pak ganjar  eh malah dia yg kepleset. Dia nggk tahu kalo kraton jogja itu "malati" nggk bisa dibuat Main2...","0","0","0","7","in","1364867719","1732319569996599492","yuwantino12","https://twitter.com/yuwantino12/status/1732545857004990807","","","532"
"Wed Dec 06 22:33:30 +0000 2023","1732528722035798223","@HmfaqihA @TeddGus mana paham si penjilat @TeddGus  yg penting tugas dy mah menjilat dan membenarkan segala macam kesalahan baik itu @prabowo ataupun @gibran_tweet  karna tugas penjilat kan sprti itu","0","0","0","2","in","1703593194536206336","1732260113518657849","keandriko0603","https://twitter.com/keandriko0603/status/1732528722035798223","","","244"
"Wed Dec 06 23:27:00 +0000 2023","1732542182907936830","Politik Belimbing Sayur Ala @PDI_Perjuangan dan @psi_id Untuk Segala Cara Kuasai Indonesia   1. Tiadakan Pilkada sejak 2021 padahal 2020 adakan pilkada untuk angkat Gibran dan Bobby jadi Walikota - Sukses  2. Wacana Jokowi 3 periode - gagal  3. Wacana Jokowi perpanjangan- gagal","0","0","0","1","in","886899169314488320","1732542182907936830","Mohamad41967776","https://twitter.com/Mohamad41967776/status/1732542182907936830","","Jakarta Capital Region","961"
"Wed Dec 06 22:45:40 +0000 2023","1732531782376149045","@KompasTV Warga:mas gibran umur mas masih di bawah umur knapa bisa cawapres. Gibran:tanya saja mk and blablabla. Warga:mas harga cabe mahal. Gibran:jangan makan cebe biar cabe aku tegur. Warga:mas telah salai kampanye dengan bg2 susu. Gibran:tanya saja bawaslu... Hadeeewwww sayur jengkol","0","1","1","5","in","374842781","1732430265631601142","celukakuro","https://twitter.com/celukakuro/status/1732531782376149045","","United States","552"
"Wed Dec 06 23:12:17 +0000 2023","1732538480348315949","@PUTRY_NUSANTARA Maaf  Gibran jam segitu waktunya bobo....  Ttd Bininya","0","1","1","1","in","453931027","1732413793765122086","rizieqdivist","https://twitter.com/rizieqdivist/status/1732538480348315949","","Indonesia","18965"
"Wed Dec 06 23:39:25 +0000 2023","1732545307681169699","@DokterTifa @gibran_tweet Duitke banyak ! Bokapku raja.. Ape lo !!!","0","0","0","2","in","1533306685493653504","1732529587098448284","Abdoeljegger202","https://twitter.com/Abdoeljegger202/status/1732545307681169699","","","1120"
"Wed Dec 06 23:47:48 +0000 2023","1732547417646809512","@herculep638 @MangUcuy Kemungkinan besar pilpres masuk jd 2 putaran dan yg lolos adalah paslon nomer 1 dan 3. Titik masalah paslon 2 tdk lolos ada pd Gibran...","0","1","1","1","in","2470491559","1732412496781496439","imamsuroso20","https://twitter.com/imamsuroso20/status/1732547417646809512","","","467"
"Wed Dec 06 23:32:20 +0000 2023","1732543528503590977","@ethadisaputra @PKSejahtera Simpatisan itu bukannya pendukung ya ?? Kenapa ga sebut pendukung/simpatisan Prabowo Gibran aja ?? Kenapa hrs dibawa nama PKS?? Kan simpatisan dan pendukung tidak terikat toh .. bebaaaaaaas mau dukung siapa tp jangan donk pake atas nama partai lain â€¦ bego tak bertepi","1","1","1","2","in","1086642604417024000","1732450858494030031","ArifinNaftalia","https://twitter.com/ArifinNaftalia/status/1732543528503590977","","Jakarta Selatan, DKI Jakarta","1749"
"Wed Dec 06 22:39:11 +0000 2023","1732530149021864005","@alisyarief Jika alasan jadikan Gibran sebagai Cawapres krn Jokowi efek karena milenial semata  Raffi Ahmad sebagai Panelis dlm debat Cawapres justru jauh lbh mutu ketimbang Gibran. Itu klo qta mau fair. Masih banyk anak muda yg lbh cerdas &amp; mumpuni ketimbang yg dikarbit","0","0","0","5","in","1504042037896613888","1732405286387028134","HermanBudiSant4","https://twitter.com/HermanBudiSant4/status/1732530149021864005","","","3175"
"Wed Dec 06 22:41:55 +0000 2023","1732530839521837081","@mochamadarip Ngomong OPO...... Mabuk singkong racun ya ? Narasi panjang panjang tapi  bodo ğŸ¤®  Gibran itu siapa ya ?  Jokowi itu petugas partai ? Kini tidak lagi bersama PDI P karena Jokowi salah bergaul ?  BELUM PAHAM ? BEGO ğŸ¤®ğŸ¤£ğŸ¤£ğŸ¤£ğŸ¤£","0","1","0","5","in","1629815240790773760","1732272791762980948","1973Suharjito","https://twitter.com/1973Suharjito/status/1732530839521837081","","","1382"
"Wed Dec 06 22:25:29 +0000 2023","1732526702906249494","@Adenurj62093638 @jansen_jsp ğŸ˜‚ğŸ˜‚ tiba tiba dia katakan tenang saja pak Prabowo sya sudah dsini secara instan melalui paman usman.biar lh yg berproses  tetap dg kesetiaan nya karna mereka ada untuk mendukung gibran","0","0","0","3","in","1004140239302979584","1732422201176133716","Rifai03751150","https://twitter.com/Rifai03751150/status/1732526702906249494","","Sulawesi Selatan, Indonesia","40"
"Wed Dec 06 22:05:41 +0000 2023","1732521721834635347","@alextham878 @deddysitorus @gibran_tweet Mereka banting stir  Krn menghujat  membuli dan lain sebagainya hanya akan merugikan mereka.","0","0","0","3","in","1331503267814072320","1732372121010221388","Minietweets_","https://twitter.com/Minietweets_/status/1732521721834635347","","Home ","13535"
